Date,Sentiment
2013-04-17,0.09310940439148134
2013-04-18,0.34739311883324125
2013-04-19,0.40870429336076347
2013-04-20,
2013-04-21,
2013-04-22,0.42216719622793464
2013-04-23,0.22687813972681972
2013-04-24,0.20751874963942185
2013-04-25,0.38297233056898594
2013-04-26,0.30502674084199327
2013-04-27,
2013-04-28,
2013-04-29,0.4378722444312747
2013-04-30,
2013-05-01,0.2747358119758098
2013-05-02,0.3546767795561265
2013-05-03,0.304854581528421
2013-05-04,
2013-05-05,
2013-05-06,
2013-05-07,0.5145731728297582
2013-05-08,0.09019780897157818
2013-05-09,0.1926450779423957
2013-05-10,
2013-05-11,
2013-05-12,
2013-05-13,0.31401561130652106
2013-05-14,0.45966167685020076
2013-05-15,0.263165571852965
2013-05-16,0.3805760365372201
2013-05-17,
2013-05-18,0.24575641440195833
2013-05-19,0.1943780451668514
2013-05-20,0.4525122046975066
2013-05-21,0.2368311276016717
2013-05-22,
2013-05-23,
2013-05-24,
2013-05-25,
2013-05-26,
2013-05-27,
2013-05-28,0.455802442027143
2013-05-29,0.29533807595777484
2013-05-30,
2013-05-31,0.26303440583379384
2013-06-01,
2013-06-02,
2013-06-03,0.12553088208385868
2013-06-04,
2013-06-05,0.24448489736358575
2013-06-06,
2013-06-07,0.14438990933517482
2013-06-08,
2013-06-09,
2013-06-10,0.1378767310638273
2013-06-11,
2013-06-12,0.21412480535284759
2013-06-13,0.42884329880387423
2013-06-14,0.25831199559139073
2013-06-15,
2013-06-16,
2013-06-17,0.14418776758816795
2013-06-18,
2013-06-19,0.17687776208407932
2013-06-20,0.26041608165072033
2013-06-21,
2013-06-22,
2013-06-23,0.30932805810772895
2013-06-24,
2013-06-25,
2013-06-26,0.22627585582367593
2013-06-27,0.09028612282091035
2013-06-28,0.3058084295240853
2013-06-29,0.444784842672896
2013-06-30,
2013-07-01,0.32930762525296
2013-07-02,0.35738326191861175
2013-07-03,0.3344190390705593
2013-07-04,0.0646415084724832
2013-07-05,
2013-07-06,
2013-07-07,
2013-07-08,0.1699250014423125
2013-07-09,0.3536369546147005
2013-07-10,1.0
2013-07-11,0.1577909205854958
2013-07-12,0.27038486769850345
2013-07-13,0.4739311883324123
2013-07-14,
2013-07-15,0.3985493764902747
2013-07-16,0.3479233034203068
2013-07-17,
2013-07-18,0.3219280948873623
2013-07-19,0.36123690212974385
2013-07-20,
2013-07-21,
2013-07-22,
2013-07-23,0.2980515291631784
2013-07-24,
2013-07-25,0.16349873228287937
2013-07-26,0.2552570552420748
2013-07-27,0.2344652536370229
2013-07-28,0.16146342269411612
2013-07-29,0.21901812424469277
2013-07-30,0.18600079882588774
2013-07-31,0.40053792958372875
2013-08-01,0.18057224564182092
2013-08-02,0.2905338518803893
2013-08-03,
2013-08-04,0.3058084295240853
2013-08-05,0.2975080826925396
2013-08-06,
2013-08-07,0.45729791482974064
2013-08-08,0.46190410431681805
2013-08-09,0.3958790335032929
2013-08-10,0.289506617194985
2013-08-11,
2013-08-12,0.41551191397561826
2013-08-13,0.2878314084631027
2013-08-14,0.1864131242308815
2013-08-15,0.28066347076475007
2013-08-16,
2013-08-17,0.308122295362332
2013-08-18,0.33064531198847147
2013-08-19,0.3870231231092472
2013-08-20,0.1521848617515289
2013-08-21,0.2208018712934017
2013-08-22,0.1699250014423122
2013-08-23,0.2186402864753406
2013-08-24,
2013-08-25,0.146841388329271
2013-08-26,0.3523017439308813
2013-08-27,0.20204068774454087
2013-08-28,0.4656635723488119
2013-08-29,0.16814169393221626
2013-08-30,0.21988654643341438
2013-08-31,
2013-09-01,
2013-09-02,0.2619254932088844
2013-09-03,
2013-09-04,0.2966329022261828
2013-09-05,0.2937312030567103
2013-09-06,0.4854268271702417
2013-09-07,0.24792751344358566
2013-09-08,
2013-09-09,
2013-09-10,0.25153876699596467
2013-09-11,0.24511249783653152
2013-09-12,
2013-09-13,0.3106327747470823
2013-09-14,0.3942789391120464
2013-09-15,
2013-09-16,0.40627068438646957
2013-09-17,0.4656635723488119
2013-09-18,0.03637190572283266
2013-09-19,0.30979442191539436
2013-09-20,0.3860840525280979
2013-09-21,0.05585323473351747
2013-09-22,0.2969817377571315
2013-09-23,0.384851190289103
2013-09-24,0.1986677487726924
2013-09-25,
2013-09-26,0.3923174227787603
2013-09-27,
2013-09-28,0.2021888506132666
2013-09-29,0.041820175694627156
2013-09-30,0.1273793064762276
2013-10-01,0.22239242133644788
2013-10-02,0.30889694659426437
2013-10-03,0.2089551847335733
2013-10-04,0.4370932152679064
2013-10-05,0.08406426478847437
2013-10-06,
2013-10-07,
2013-10-08,0.10052461089283643
2013-10-09,0.31949766798675605
2013-10-10,0.38276737318148846
2013-10-11,0.37851162325372983
2013-10-12,0.2801079191927351
2013-10-13,
2013-10-14,
2013-10-15,0.30023144321487094
2013-10-16,0.12099043938555346
2013-10-17,
2013-10-18,0.2340794054144633
2013-10-19,
2013-10-20,0.1273793064762274
2013-10-21,0.2630344058337937
2013-10-22,0.23775166526676883
2013-10-23,0.2498144544911136
2013-10-24,0.1805722456418208
2013-10-25,0.3896048416300268
2013-10-26,0.33880191345175853
2013-10-27,
2013-10-28,0.27426049228628063
2013-10-29,0.2694103595382179
2013-10-30,0.32417604438637765
2013-10-31,0.2992478281874245
2013-11-01,0.3095637624472005
2013-11-02,
2013-11-03,
2013-11-04,0.3264678000349055
2013-11-05,0.24560058395784695
2013-11-06,0.2790829863093484
2013-11-07,0.20928294995437535
2013-11-08,0.29448221563932636
2013-11-09,0.24592654816483733
2013-11-10,0.11119621066822394
2013-11-11,0.27103512071676317
2013-11-12,0.20394843997260992
2013-11-13,0.4088055455673291
2013-11-14,0.43221544249355665
2013-11-15,0.2586615357017229
2013-11-16,0.14512038789931492
2013-11-17,
2013-11-18,0.2151853829849181
2013-11-19,0.2659782340970131
2013-11-20,0.21296140530722663
2013-11-21,0.25447311912032383
2013-11-22,0.2711439643847214
2013-11-23,
2013-11-24,0.29373120305671
2013-11-25,0.16519483681777908
2013-11-26,0.2806336620657864
2013-11-27,0.16157098702354677
2013-11-28,0.2642875132741619
2013-11-29,0.13750352374993496
2013-11-30,0.16227142889887702
2013-12-01,0.31914833221641215
2013-12-02,0.2692660260902844
2013-12-03,0.3402431138434009
2013-12-04,0.2625514470169898
2013-12-05,0.30216320282483533
2013-12-06,0.2890097709253118
2013-12-07,0.3439544012173613
2013-12-08,0.24100809950379476
2013-12-09,0.3132136564878476
2013-12-10,0.25845857000471206
2013-12-11,0.2808776769313788
2013-12-12,0.2979056675031399
2013-12-13,0.3280444476581968
2013-12-14,0.30968626575349395
2013-12-15,0.39334242817952497
2013-12-16,0.08876909277609381
2013-12-17,0.23421028950499997
2013-12-18,0.2577055217864503
2013-12-19,0.3082524846160074
2013-12-20,0.3044898125615284
2013-12-21,0.4310924974437875
2013-12-22,0.21864028647534034
2013-12-23,0.26176309754753724
2013-12-24,0.25515064981224533
2013-12-25,0.17681847730735029
2013-12-26,0.31373772528505695
2013-12-27,0.2195558171288507
2013-12-28,0.477456055235731
2013-12-29,0.1326770246577181
2013-12-30,0.15042401002747374
2013-12-31,0.3401510859770601
2014-01-01,0.0
2014-01-02,0.22188460891107997
2014-01-03,0.2567807775564986
2014-01-04,0.26879866736272573
2014-01-05,0.3297054454790815
2014-01-06,0.21000073562848215
2014-01-07,0.2652695228014264
2014-01-08,0.25821094582830906
2014-01-09,0.057586910641748194
2014-01-10,0.0998244676368491
2014-01-11,0.24322436719995014
2014-01-12,0.10810918832057134
2014-01-13,-0.02975577936569576
2014-01-14,0.20418326698521813
2014-01-15,0.2504104797505899
2014-01-16,0.15630741124174394
2014-01-17,0.14787346018337824
2014-01-18,0.09143202857490512
2014-01-19,0.26540131977650344
2014-01-20,0.20370446782327445
2014-01-21,0.18432839052978606
2014-01-22,0.3081633358152457
2014-01-23,0.13526470006394395
2014-01-24,0.2626082617104582
2014-01-25,0.04580368961312459
2014-01-26,0.16433284674161183
2014-01-27,0.1743312000753252
2014-01-28,0.24795265054666335
2014-01-29,0.11193931488290812
2014-01-30,0.14726863497225778
2014-01-31,0.21349869911521532
2014-02-01,0.1393387275839997
2014-02-02,0.16780151589221942
2014-02-03,0.25739882306891665
2014-02-04,0.25246687111561983
2014-02-05,0.1695447394438557
2014-02-06,0.25432847031994255
2014-02-07,0.2417557297532202
2014-02-08,0.26211813509023896
2014-02-09,0.13588342808177287
2014-02-10,0.3296499336692318
2014-02-11,0.18885885008100803
2014-02-12,0.1702288553530672
2014-02-13,0.2315076159167806
2014-02-14,0.14976805976158658
2014-02-15,0.2800839299197083
2014-02-16,0.20087558646214107
2014-02-17,0.2459372193877217
2014-02-18,0.2596102980834475
2014-02-19,0.2773098637181204
2014-02-20,0.25137148721322605
2014-02-21,0.2759300120231327
2014-02-22,0.30571735604117356
2014-02-23,0.18334228023867835
2014-02-24,0.21930887032090968
2014-02-25,0.08219512078988242
2014-02-26,0.2507319169770819
2014-02-27,0.27961094137140813
2014-02-28,0.2643176126395437
2014-03-01,0.3022411056402558
2014-03-02,0.10201430373894398
2014-03-03,0.062099419101784195
2014-03-04,0.0689415777623264
2014-03-05,0.12504536402220523
2014-03-06,0.1822739770342761
2014-03-07,0.03171907768011337
2014-03-08,0.28766382742447033
2014-03-09,0.31404660434703513
2014-03-10,0.2191892715231485
2014-03-11,0.14506513524146705
2014-03-12,0.17238464115453359
2014-03-13,0.19786454882830712
2014-03-14,0.2331487553939916
2014-03-15,
2014-03-16,0.24073849963273122
2014-03-17,0.10050985615094055
2014-03-18,0.161134717540228
2014-03-19,0.16797772526460228
2014-03-20,0.22494447484919
2014-03-21,0.11054976450560987
2014-03-22,
2014-03-23,0.18580760949385758
2014-03-24,0.12148001909879566
2014-03-25,0.17988988421668853
2014-03-26,0.2232853820278457
2014-03-27,0.2727371204344043
2014-03-28,0.12378526442897543
2014-03-29,0.25370242983273683
2014-03-30,0.25153876699596434
2014-03-31,0.2618486374058491
2014-04-01,0.2767627063350369
2014-04-02,0.23917564750790385
2014-04-03,0.26743001148886186
2014-04-04,0.22603564028661222
2014-04-05,0.2516349880581817
2014-04-06,0.12553088208385893
2014-04-07,0.29798060812048316
2014-04-08,0.33685523928997657
2014-04-09,0.22055717205018355
2014-04-10,0.33111662340974657
2014-04-11,0.25900797049901225
2014-04-12,
2014-04-13,0.24271341358512086
2014-04-14,0.2522720345023585
2014-04-15,0.2773770633760001
2014-04-16,0.48355280040200765
2014-04-17,0.12758225487264307
2014-04-18,0.22095725310249484
2014-04-19,0.19264507794239602
2014-04-20,0.4064685883354314
2014-04-21,0.29160755145112305
2014-04-22,0.26552970568356266
2014-04-23,0.2420834943250411
2014-04-24,0.19989335899439842
2014-04-25,0.1531502117373556
2014-04-26,0.23132554610645564
2014-04-27,0.16349873228287937
2014-04-28,0.10227759178002702
2014-04-29,0.17113936416205258
2014-04-30,0.22911482611432427
2014-05-01,0.27662682049690923
2014-05-02,0.35579488024269373
2014-05-03,0.26303440583379384
2014-05-04,0.37550913509220635
2014-05-05,0.30966778313783627
2014-05-06,0.2998682012589969
2014-05-07,0.36205559800380493
2014-05-08,0.2760428032511321
2014-05-09,0.16270122995726152
2014-05-10,
2014-05-11,
2014-05-12,0.037474705418662824
2014-05-13,0.13028585014991748
2014-05-14,0.20723861466594307
2014-05-15,0.2526894014096029
2014-05-16,0.038892625176628635
2014-05-17,
2014-05-18,0.2125446353801007
2014-05-19,0.21459816155623715
2014-05-20,0.2518265348917451
2014-05-21,0.10645061410733223
2014-05-22,0.23334447564915675
2014-05-23,0.2156550462831372
2014-05-24,0.15611920191728185
2014-05-25,
2014-05-26,0.13092605397655693
2014-05-27,0.3158205076330512
2014-05-28,0.28088048950524025
2014-05-29,0.33781287170815166
2014-05-30,0.21998866424996766
2014-05-31,0.17396165171015332
2014-06-01,
2014-06-02,0.17747108213837307
2014-06-03,0.20821300386029476
2014-06-04,0.22966518321536572
2014-06-05,0.28660439767053936
2014-06-06,0.16806076249880686
2014-06-07,0.22376267601387406
2014-06-08,0.2746223801090057
2014-06-09,0.21865355814014734
2014-06-10,0.24060361887252885
2014-06-11,0.3261907833905773
2014-06-12,0.22812008482946214
2014-06-13,0.24787987194572403
2014-06-14,0.22187338802212708
2014-06-15,0.0795884636902162
2014-06-16,0.16661827187467737
2014-06-17,0.1853455010371121
2014-06-18,0.22307504410555046
2014-06-19,0.3587345210113662
2014-06-20,0.3363705563906591
2014-06-21,0.021410641278296588
2014-06-22,0.08550384973001172
2014-06-23,0.3097353107664244
2014-06-24,0.16335094933940814
2014-06-25,0.15911619372697663
2014-06-26,0.2256015909368939
2014-06-27,0.18762976879262347
2014-06-28,0.19930880822340655
2014-06-29,0.3552466914025074
2014-06-30,0.26235697574951666
2014-07-01,0.19638350844755992
2014-07-02,0.22222661526198054
2014-07-03,0.20209174614050654
2014-07-04,0.2577992075124164
2014-07-05,0.26197219009601286
2014-07-06,0.2567754153621117
2014-07-07,0.28260961526506373
2014-07-08,0.24599310290846402
2014-07-09,0.24773128974461453
2014-07-10,0.11178916923714173
2014-07-11,0.46567181966652865
2014-07-12,0.3550949588225617
2014-07-13,0.12156197988091318
2014-07-14,0.13750352374993494
2014-07-15,0.26316343070907916
2014-07-16,0.2689024585763585
2014-07-17,0.2638416754172032
2014-07-18,0.25577134007522184
2014-07-19,0.33441903907055925
2014-07-20,0.31410859042806333
2014-07-21,0.22451889455258517
2014-07-22,0.24195048646964065
2014-07-23,0.27664760777121616
2014-07-24,0.34799041748141374
2014-07-25,0.3289357244177891
2014-07-26,0.28077598876402776
2014-07-27,
2014-07-28,0.13750352374993485
2014-07-29,0.3187076789801939
2014-07-30,0.2820481313953281
2014-07-31,0.2948092587395005
2014-08-01,0.366005449405212
2014-08-02,0.30968449913261514
2014-08-03,
2014-08-04,0.30624314050425344
2014-08-05,0.21693028729298694
2014-08-06,0.24962392389045562
2014-08-07,0.32538352236685036
2014-08-08,0.2842371889662936
2014-08-09,
2014-08-10,0.3238376848959936
2014-08-11,0.22779901310252593
2014-08-12,0.3045874205858867
2014-08-13,0.2872283753402008
2014-08-14,0.32977284090861286
2014-08-15,0.09504332683509813
2014-08-16,0.155600844147152
2014-08-17,0.15951348052833395
2014-08-18,0.19238639183329617
2014-08-19,0.22483604691888617
2014-08-20,0.22810236363198377
2014-08-21,0.21094875131806415
2014-08-22,0.18939764761544683
2014-08-23,
2014-08-24,
2014-08-25,0.13326653086346424
2014-08-26,0.23358268747830654
2014-08-27,0.39986551760406774
2014-08-28,0.4150374992788437
2014-08-29,0.3213505547155621
2014-08-30,0.18832995105304393
2014-08-31,0.34103691783506673
2014-09-01,0.0
2014-09-02,0.28096112966154385
2014-09-03,0.2741531689180241
2014-09-04,0.23683112760167177
2014-09-05,0.26338754332609965
2014-09-06,
2014-09-07,0.21939150291408152
2014-09-08,0.24692910170620483
2014-09-09,0.19013302787425518
2014-09-10,0.21642677486569134
2014-09-11,0.16576620382349885
2014-09-12,0.24808299390570696
2014-09-13,0.1505011280164072
2014-09-14,0.1926450779423957
2014-09-15,0.13307255009058336
2014-09-16,0.305543709777336
2014-09-17,0.21195921531676973
2014-09-18,0.27073782982232625
2014-09-19,0.29523028812983904
2014-09-20,
2014-09-21,0.17182643302103917
2014-09-22,0.09517426114607822
2014-09-23,0.17137272747064083
2014-09-24,0.15390934550996907
2014-09-25,0.13366826800330164
2014-09-26,0.3479233034203068
2014-09-27,
2014-09-28,0.2783011624871043
2014-09-29,0.1432613793780819
2014-09-30,0.1460920581758201
2014-10-01,-0.0593222482493095
2014-10-02,0.21454613601625447
2014-10-03,0.25217667520823245
2014-10-04,0.3028034739902374
2014-10-05,0.23132554610645545
2014-10-06,0.2269670032024147
2014-10-07,0.2238369618980143
2014-10-08,0.213132377351049
2014-10-09,0.11245537892525183
2014-10-10,0.15477268150340107
2014-10-11,0.1271119179033394
2014-10-12,0.4694852833012202
2014-10-13,0.18844508941311044
2014-10-14,0.13124453327825236
2014-10-15,0.21381445679829897
2014-10-16,0.10552896692306782
2014-10-17,0.23418782798343896
2014-10-18,0.19854567938208031
2014-10-19,0.08365792904690965
2014-10-20,0.22150042190212096
2014-10-21,0.02253405926237213
2014-10-22,0.15366519383969485
2014-10-23,0.16766737113625196
2014-10-24,0.13074612051269413
2014-10-25,0.431716240425474
2014-10-26,0.21978120787990985
2014-10-27,0.23233413350172216
2014-10-28,0.2744643982906579
2014-10-29,0.24803049656426293
2014-10-30,0.1549321600987779
2014-10-31,0.088573909888138
2014-11-01,0.26581272168772163
2014-11-02,0.14585086646345474
2014-11-03,0.06294112232999587
2014-11-04,0.20129163331397826
2014-11-05,0.19759634394098613
2014-11-06,0.2450798339909467
2014-11-07,0.289506617194985
2014-11-08,
2014-11-09,0.20645087746742644
2014-11-10,0.29853094389078744
2014-11-11,0.2895066171949848
2014-11-12,0.25309923358003533
2014-11-13,0.18442457113742733
2014-11-14,0.252540259787243
2014-11-15,0.21804955740333667
2014-11-16,0.07642326408060154
2014-11-17,0.21320641054957243
2014-11-18,0.23887901480207743
2014-11-19,0.304198468640034
2014-11-20,0.27837489628015577
2014-11-21,0.28778190135945314
2014-11-22,0.07800251200127306
2014-11-23,
2014-11-24,0.19927159745669537
2014-11-25,0.1968460155516564
2014-11-26,0.28102405438657707
2014-11-27,0.0
2014-11-28,0.14011978714890885
2014-11-29,0.27462238010900586
2014-11-30,
2014-12-01,0.18509163174729176
2014-12-02,0.19324557384425184
2014-12-03,0.35498754014394723
2014-12-04,0.08812987997436135
2014-12-05,0.24056268085012544
2014-12-06,0.23815973719476438
2014-12-07,
2014-12-08,0.19535408495855172
2014-12-09,0.19101874470386915
2014-12-10,0.18563849634718324
2014-12-11,0.33242066554639377
2014-12-12,0.3220857492471736
2014-12-13,0.13430109171159105
2014-12-14,-0.02784494028066936
2014-12-15,0.16797227461359904
2014-12-16,0.5144891424498786
2014-12-17,0.2866039579189916
2014-12-18,0.1872347924904668
2014-12-19,0.3212239976909581
2014-12-20,0.14086253583984965
2014-12-21,0.2765176351974159
2014-12-22,0.17218097538268012
2014-12-23,0.30165569986110113
2014-12-24,0.24592654816483725
2014-12-25,
2014-12-26,0.12678703829236385
2014-12-27,0.12928301694496655
2014-12-28,
2014-12-29,0.22239242133644793
2014-12-30,0.17970140015301275
2014-12-31,0.007661865704490765
2015-01-01,0.05658352836636766
2015-01-02,0.13756112380425015
2015-01-03,0.25583890442958995
2015-01-04,0.16992500144231232
2015-01-05,0.3468899952446984
2015-01-06,0.3104478797776858
2015-01-07,0.3039413962045444
2015-01-08,0.271861501627848
2015-01-09,0.2988515648714849
2015-01-10,0.17028234212725415
2015-01-11,0.12553088208385876
2015-01-12,0.2857357898051936
2015-01-13,0.3249269858303153
2015-01-14,0.32192809488736224
2015-01-15,0.2958741452180719
2015-01-16,0.19922953490087875
2015-01-17,
2015-01-18,0.1768777620840794
2015-01-19,0.12031751043861472
2015-01-20,
2015-01-21,0.3666514128812582
2015-01-22,0.367269428385833
2015-01-23,0.20166948097430482
2015-01-24,0.3536369546147005
2015-01-25,0.15200309344504992
2015-01-26,0.2681588911132257
2015-01-27,0.3318425755722644
2015-01-28,0.3987179545731781
2015-01-29,0.3262846092308776
2015-01-30,0.134321555659423
2015-01-31,
2015-02-01,
2015-02-02,
2015-02-03,0.15537209292739287
2015-02-04,0.3627553319557164
2015-02-05,0.29212280405840474
2015-02-06,0.25897521871661494
2015-02-07,
2015-02-08,
2015-02-09,0.36318386165943073
2015-02-10,0.4256134017862747
2015-02-11,0.2630344058337937
2015-02-12,0.2687427522011065
2015-02-13,0.24336657919890947
2015-02-14,0.3020285374496574
2015-02-15,0.32192809488736224
2015-02-16,0.10633027060260314
2015-02-17,0.33400912022435725
2015-02-18,0.3015964490220129
2015-02-19,0.2783366283760634
2015-02-20,0.359624219017217
2015-02-21,
2015-02-22,
2015-02-23,0.2918260753207942
2015-02-24,0.33903595255631885
2015-02-25,0.4322750903488063
2015-02-26,0.27039152607630346
2015-02-27,0.2825869745954086
2015-02-28,
2015-03-01,
2015-03-02,0.27300594652772814
2015-03-03,0.28321320921249316
2015-03-04,0.3969869159962244
2015-03-05,0.45339966888899547
2015-03-06,0.4872324539464311
2015-03-07,
2015-03-08,0.21735683143914947
2015-03-09,0.3697697689150161
2015-03-10,0.37658229933967896
2015-03-11,0.294746572236768
2015-03-12,0.3187788585653767
2015-03-13,0.2643384942616947
2015-03-14,
2015-03-15,0.26303440583379384
2015-03-16,0.39092018411382357
2015-03-17,0.4875689168900527
2015-03-18,0.22407124342710333
2015-03-19,0.32725171698711664
2015-03-20,0.26784615830919134
2015-03-21,0.05658352836636754
2015-03-22,
2015-03-23,0.2286310383053048
2015-03-24,0.3988773696976927
2015-03-25,0.28138272052096464
2015-03-26,0.11672878497629184
2015-03-27,0.47570994223296337
2015-03-28,0.2954558835261711
2015-03-29,
2015-03-30,0.28081957433783994
2015-03-31,0.13714208190882174
2015-04-01,0.190111364341842
2015-04-02,0.28103877712298336
2015-04-03,0.20873518843237598
2015-04-04,
2015-04-05,0.3514723705013778
2015-04-06,0.6179774358887548
2015-04-07,0.06014711685885584
2015-04-08,0.17187817634899957
2015-04-09,0.38702312310924736
2015-04-10,0.1684745785786498
2015-04-11,
2015-04-12,0.32192809488736257
2015-04-13,0.09310940439148144
2015-04-14,0.19531254137946677
2015-04-15,0.21313237735104895
2015-04-16,0.4859928119152017
2015-04-17,0.4150374992788439
2015-04-18,
2015-04-19,0.2359242103348505
2015-04-20,
2015-04-21,0.23702898744686687
2015-04-22,0.2788337559057068
2015-04-23,0.37271358645720115
2015-04-24,0.32192809488736235
2015-04-25,
2015-04-26,
2015-04-27,0.5849625007211562
2015-04-28,0.19360196929716278
2015-04-29,0.09525149411129248
2015-04-30,0.2753749086924813
2015-05-01,0.5405683813627027
2015-05-02,0.33120590847537296
2015-05-03,
2015-05-04,0.43609911480667357
2015-05-05,0.18175093030639503
2015-05-06,0.22111116430253702
2015-05-07,0.40516939024821286
2015-05-08,0.16992500144231223
2015-05-09,0.13039663725567482
2015-05-10,0.14438990933517457
2015-05-11,0.5260253717119722
2015-05-12,0.19586106696009722
2015-05-13,
2015-05-14,0.6780719051126377
2015-05-15,0.24210192924500018
2015-05-16,
2015-05-17,0.33604920313201514
2015-05-18,0.15903788469587798
2015-05-19,0.0656222666391263
2015-05-20,0.1991906935238138
2015-05-21,0.27262852984992453
2015-05-22,0.1668021108117313
2015-05-23,0.1755715645834543
2015-05-24,
2015-05-25,0.0642241827330766
2015-05-26,0.4239984532774751
2015-05-27,0.3625700793847083
2015-05-28,0.24487455709293787
2015-05-29,0.2012256055105918
2015-05-30,0.12729137055930473
2015-05-31,
2015-06-01,0.284508774248504
2015-06-02,0.23696559416620627
2015-06-03,0.28983522813796436
2015-06-04,0.38670684295859636
2015-06-05,0.349132202506659
2015-06-06,
2015-06-07,0.24935946893671743
2015-06-08,0.24466959082918424
2015-06-09,0.23201904835513742
2015-06-10,0.19054508367775297
2015-06-11,0.23200501224241174
2015-06-12,0.27178543476211303
2015-06-13,
2015-06-14,
2015-06-15,0.27904481959264194
2015-06-16,0.32462221206470954
2015-06-17,0.3661345680203314
2015-06-18,0.2965829029506464
2015-06-19,0.368482797083103
2015-06-20,
2015-06-21,
2015-06-22,0.27954193444777536
2015-06-23,0.20262365739704286
2015-06-24,0.3285856796347653
2015-06-25,0.21637200165433326
2015-06-26,0.23896683537944954
2015-06-27,
2015-06-28,0.15432814639129377
2015-06-29,0.34103691783506707
2015-06-30,0.2888708615740991
2015-07-01,0.28297800860300115
2015-07-02,0.3184610751124391
2015-07-03,0.4392190100595432
2015-07-04,
2015-07-05,
2015-07-06,
2015-07-07,0.31382859807318164
2015-07-08,0.3983699781002864
2015-07-09,0.3266705873815103
2015-07-10,0.2114132415216627
2015-07-11,
2015-07-12,0.19010288337994258
2015-07-13,0.4231044895746468
2015-07-14,0.24792751344358566
2015-07-15,0.34378815279095376
2015-07-16,0.2909916284115979
2015-07-17,0.4150374992788439
2015-07-18,
2015-07-19,
2015-07-20,0.34155603004081253
2015-07-21,0.26851401182872714
2015-07-22,0.30133760249799374
2015-07-23,0.2658065274624004
2015-07-24,0.3624724780715545
2015-07-25,0.44745897697122117
2015-07-26,
2015-07-27,0.2777356743697
2015-07-28,0.12855972927723847
2015-07-29,0.2721602581119052
2015-07-30,0.2946023274984924
2015-07-31,0.45578650804478943
2015-08-01,0.19264507794239574
2015-08-02,0.30895024088915224
2015-08-03,0.45420822491973933
2015-08-04,0.3946135344426004
2015-08-05,0.25967655124425
2015-08-06,0.2807136060615882
2015-08-07,0.11991835459255144
2015-08-08,
2015-08-09,0.48821576443079784
2015-08-10,0.25
2015-08-11,0.3752404170281194
2015-08-12,0.18318915077846007
2015-08-13,0.2169234409978582
2015-08-14,0.23308087584544174
2015-08-15,
2015-08-16,0.49185309632967467
2015-08-17,
2015-08-18,0.1858885664700043
2015-08-19,0.354987540143947
2015-08-20,0.40924108684576244
2015-08-21,0.2511306979501241
2015-08-22,
2015-08-23,0.3381687358945731
2015-08-24,0.38086813181426676
2015-08-25,0.27295018696514445
2015-08-26,0.37631383674883684
2015-08-27,0.12836943645032498
2015-08-28,0.14044913572399706
2015-08-29,
2015-08-30,0.5497678367754573
2015-08-31,0.16247459936484568
2015-09-01,0.24792751344358566
2015-09-02,0.3948081903791425
2015-09-03,0.3187149603076459
2015-09-04,0.2950043674036616
2015-09-05,
2015-09-06,0.3301486016923309
2015-09-07,0.30690158925400024
2015-09-08,0.3548611502004062
2015-09-09,0.31447215721121086
2015-09-10,0.5
2015-09-11,0.3684827970831031
2015-09-12,
2015-09-13,
2015-09-14,0.32192809488736235
2015-09-15,0.3857833803877035
2015-09-16,0.4088223029163515
2015-09-17,0.26978312518974057
2015-09-18,0.402150292489142
2015-09-19,
2015-09-20,0.16505924627049645
2015-09-21,0.36362195017968885
2015-09-22,0.3361349550637193
2015-09-23,0.383908697089397
2015-09-24,0.40940482009098905
2015-09-25,0.2437730103416881
2015-09-26,0.3219280948873622
2015-09-27,
2015-09-28,
2015-09-29,0.25701965465788273
2015-09-30,0.34807935569469
2015-10-01,0.17518623290170235
2015-10-02,0.24311747001877704
2015-10-03,0.05658352836636754
2015-10-04,
2015-10-05,0.3078052433108594
2015-10-06,0.29904256625286413
2015-10-07,0.0
2015-10-08,0.2697590428352688
2015-10-09,0.38433722694677214
2015-10-10,0.24100809950379512
2015-10-11,
2015-10-12,0.2508641508496935
2015-10-13,0.23151727964533117
2015-10-14,0.23805472936682298
2015-10-15,0.28468674918569586
2015-10-16,0.34792330342030675
2015-10-17,
2015-10-18,
2015-10-19,0.39067985676232986
2015-10-20,0.388803789331776
2015-10-21,0.23212409671299045
2015-10-22,0.37420372192049006
2015-10-23,0.45943161863729737
2015-10-24,0.2775339755289087
2015-10-25,
2015-10-26,0.22408998202908728
2015-10-27,0.27216400259734996
2015-10-28,0.3510975637698338
2015-10-29,0.261222238899383
2015-10-30,0.2575992333404118
2015-10-31,
2015-11-01,
2015-11-02,
2015-11-03,0.4059923769494846
2015-11-04,0.34533597094613555
2015-11-05,0.40577202904946397
2015-11-06,0.41503749927884376
2015-11-07,0.2969817377571315
2015-11-08,
2015-11-09,0.23432331445880794
2015-11-10,0.35606466684625776
2015-11-11,0.35283811311774693
2015-11-12,0.4434020117246648
2015-11-13,0.43622497513974456
2015-11-14,
2015-11-15,
2015-11-16,0.26279193218390484
2015-11-17,0.38111964529930037
2015-11-18,0.28257052990420606
2015-11-19,0.46519504553755714
2015-11-20,0.11813229795900265
2015-11-21,
2015-11-22,
2015-11-23,0.33632959440908494
2015-11-24,0.3431697605481191
2015-11-25,0.42521182197474505
2015-11-26,0.07265422043552085
2015-11-27,0.4143327141515083
2015-11-28,0.3325753390868709
2015-11-29,
2015-11-30,0.5849625007211562
2015-12-01,0.27069559259256937
2015-12-02,0.19428264395882627
2015-12-03,0.19264507794239602
2015-12-04,0.3219280948873623
2015-12-05,0.32757465802850444
2015-12-06,
2015-12-07,0.3084428708667346
2015-12-08,0.1926450779423957
2015-12-09,0.32603834828984657
2015-12-10,0.23037055473034954
2015-12-11,0.5069599887198831
2015-12-12,
2015-12-13,0.145850866463455
2015-12-14,0.49945529429258
2015-12-15,0.20934374087101404
2015-12-16,0.3881508094949605
2015-12-17,0.299913749642958
2015-12-18,0.5034597069698954
2015-12-19,
2015-12-20,
2015-12-21,0.4854268271702419
2015-12-22,0.23573941692405134
2015-12-23,0.2875765900965853
2015-12-24,0.3048545815284209
2015-12-25,
2015-12-26,
2015-12-27,
2015-12-28,
2015-12-29,0.24792751344358566
2015-12-30,
2015-12-31,
2016-01-01,
2016-01-02,
2016-01-03,
2016-01-04,0.5849625007211562
2016-01-05,0.5189839250995102
2016-01-06,0.20645087746742635
2016-01-07,0.4278164754273745
2016-01-08,0.3219626729343633
2016-01-09,
2016-01-10,0.2863041851566409
2016-01-11,0.13605037123120126
2016-01-12,0.35189936511550346
2016-01-13,0.4325352099569457
2016-01-14,0.07594885323329852
2016-01-15,0.6255308820838588
2016-01-16,
2016-01-17,
2016-01-18,0.4036261444398024
2016-01-19,0.632268215499513
2016-01-20,0.2102017220922896
2016-01-21,0.5849625007211562
2016-01-22,0.26728275461952045
2016-01-23,
2016-01-24,
2016-01-25,0.2793466250051869
2016-01-26,0.29881203470785495
2016-01-27,0.710493382805015
2016-01-28,0.222392421336448
2016-01-29,0.24000669570353608
2016-01-30,
2016-01-31,
2016-02-01,0.42023421045675324
2016-02-02,0.32948154108246663
2016-02-03,0.19475120358585304
2016-02-04,
2016-02-05,0.23863415189153897
2016-02-06,
2016-02-07,
2016-02-08,
2016-02-09,0.46948528330122025
2016-02-10,0.28779770371556107
2016-02-11,0.29734249643348193
2016-02-12,0.3612771969344901
2016-02-13,0.4150374992788439
2016-02-14,
2016-02-15,0.0
2016-02-16,0.3479233034203067
2016-02-17,0.2806825467412546
2016-02-18,0.6447533085974924
2016-02-19,0.31733668568838885
2016-02-20,0.4150374992788439
2016-02-21,
2016-02-22,0.5233458036650931
2016-02-23,0.22073035640462924
2016-02-24,0.3270974015473487
2016-02-25,0.30360492696026714
2016-02-26,0.36257007938470837
2016-02-27,
2016-02-28,
2016-02-29,0.4604949798559392
2016-03-01,0.4066552279806359
2016-03-02,0.37930745464824817
2016-03-03,0.4024544923485607
2016-03-04,0.24581154656707374
2016-03-05,
2016-03-06,
2016-03-07,0.012140163015553809
2016-03-08,0.3844333057517413
2016-03-09,0.2756344426134274
2016-03-10,0.35160544193880716
2016-03-11,0.4083672361981447
2016-03-12,0.0
2016-03-13,
2016-03-14,0.4184972062487392
2016-03-15,0.29135784857547
2016-03-16,0.34945430005851863
2016-03-17,0.23399587678221134
2016-03-18,0.2461605872693977
2016-03-19,0.07664132283581125
2016-03-20,
2016-03-21,0.31169293970881606
2016-03-22,
2016-03-23,0.4192953806795916
2016-03-24,0.22152593772422005
2016-03-25,0.24578494677101922
2016-03-26,0.1614634226941162
2016-03-27,
2016-03-28,0.2666714884247991
2016-03-29,0.19291362789028413
2016-03-30,0.3102932052259388
2016-03-31,0.27005413246844795
2016-04-01,0.37196877738695777
2016-04-02,
2016-04-03,0.13124453327825272
2016-04-04,0.4412965370735494
2016-04-05,0.36526943365959397
2016-04-06,0.2911942785286648
2016-04-07,0.2522443173099846
2016-04-08,0.41788226481146634
2016-04-09,0.28239973070072505
2016-04-10,
2016-04-11,0.3404991341176784
2016-04-12,0.31444661191346057
2016-04-13,0.13217734347559018
2016-04-14,0.4036774610288022
2016-04-15,0.2313255461064559
2016-04-16,
2016-04-17,0.24100809950379484
2016-04-18,0.1752486235420666
2016-04-19,0.2957700755463341
2016-04-20,0.3637416284100406
2016-04-21,
2016-04-22,0.30798803632248656
2016-04-23,
2016-04-24,
2016-04-25,0.39724110781966315
2016-04-26,0.29924182018738743
2016-04-27,0.62148837674627
2016-04-28,0.33106518062180806
2016-04-29,0.1620001233614123
2016-04-30,
2016-05-01,
2016-05-02,0.2735840588688971
2016-05-03,0.2249347304262422
2016-05-04,
2016-05-05,0.2756344426134274
2016-05-06,0.2630344058337938
2016-05-07,
2016-05-08,
2016-05-09,0.44057259138598154
2016-05-10,0.1274069495144127
2016-05-11,0.173636734088516
2016-05-12,0.24359836694922649
2016-05-13,0.37781657310519834
2016-05-14,
2016-05-15,0.24511249783653152
2016-05-16,0.23683112760167166
2016-05-17,0.2756344426134274
2016-05-18,0.22239242133644793
2016-05-19,0.3187149603076459
2016-05-20,0.07275634243531409
2016-05-21,
2016-05-22,
2016-05-23,
2016-05-24,0.23950639975872728
2016-05-25,0.2934457255224006
2016-05-26,0.2934787830532364
2016-05-27,0.08397231865703592
2016-05-28,
2016-05-29,0.3219280948873622
2016-05-30,0.62148837674627
2016-05-31,0.26303440583379395
2016-06-01,0.10387770471982766
2016-06-02,0.20751874963942185
2016-06-03,0.16827148258979885
2016-06-04,
2016-06-05,
2016-06-06,0.29570596397443827
2016-06-07,0.2600786067365047
2016-06-08,0.34792330342030664
2016-06-09,0.22569362178407162
2016-06-10,0.34103691783506707
2016-06-11,
2016-06-12,
2016-06-13,0.37006097258347426
2016-06-14,-0.0995356735509146
2016-06-15,
2016-06-16,0.1577509128639645
2016-06-17,0.5670405927238936
2016-06-18,
2016-06-19,
2016-06-20,0.26303440583379384
2016-06-21,0.09632253897119801
2016-06-22,0.27212503778472297
2016-06-23,0.3319292495710285
2016-06-24,0.5618156745841887
2016-06-25,
2016-06-26,
2016-06-27,0.16046467219324614
2016-06-28,0.39020625720413227
2016-06-29,0.6032254387337131
2016-06-30,0.3717013795977901
2016-07-01,0.22842883748673548
2016-07-02,0.18555565315607642
2016-07-03,
2016-07-04,
2016-07-05,0.21804955740333662
2016-07-06,0.23446525363702306
2016-07-07,0.4575555512067435
2016-07-08,0.3158441933686213
2016-07-09,0.17263938613934843
2016-07-10,
2016-07-11,0.283851575322713
2016-07-12,0.30436397825894507
2016-07-13,0.17197720060868066
2016-07-14,0.3419595439418686
2016-07-15,0.11670896253384795
2016-07-16,
2016-07-17,
2016-07-18,0.3438818755388216
2016-07-19,0.46385556959656027
2016-07-20,0.30015477548302844
2016-07-21,0.4812626472906686
2016-07-22,0.21540240756858026
2016-07-23,
2016-07-24,
2016-07-25,0.28010791919273526
2016-07-26,0.19183405715736335
2016-07-27,0.3409120199868726
2016-07-28,0.47079165688733904
2016-07-29,0.1670004635939686
2016-07-30,
2016-07-31,
2016-08-01,0.2810747151208412
2016-08-02,0.37572756382604455
2016-08-03,0.2601584072104729
2016-08-04,0.22707434741306987
2016-08-05,0.1575043404737859
2016-08-06,
2016-08-07,
2016-08-08,0.3311778014995897
2016-08-09,0.4038847745869022
2016-08-10,0.18781788359933344
2016-08-11,0.08550384973001168
2016-08-12,0.432813247321664
2016-08-13,0.16227142889887722
2016-08-14,
2016-08-15,0.15200309344504992
2016-08-16,0.34402665699797397
2016-08-17,0.32192809488736246
2016-08-18,0.3324061272506501
2016-08-19,0.35752296125028327
2016-08-20,0.07400058144377701
2016-08-21,
2016-08-22,0.35972424086694926
2016-08-23,0.34373757270216804
2016-08-24,0.24419571788521055
2016-08-25,0.18057224564182103
2016-08-26,0.24145518579552427
2016-08-27,
2016-08-28,0.33184356375244506
2016-08-29,0.3770232724231299
2016-08-30,0.41867763543932884
2016-08-31,
2016-09-01,
2016-09-02,0.37851162325372983
2016-09-03,0.18220333122074925
2016-09-04,
2016-09-05,0.42742122373467634
2016-09-06,0.1780719051126376
2016-09-07,0.3730997928823177
2016-09-08,0.3751344527593364
2016-09-09,0.4474589769712214
2016-09-10,
2016-09-11,
2016-09-12,0.422792875536876
2016-09-13,0.1811314798151495
2016-09-14,0.3368093999056431
2016-09-15,0.20892755880526107
2016-09-16,0.34694843613716003
2016-09-17,
2016-09-18,
2016-09-19,-0.0995356735509146
2016-09-20,0.20911767434577455
2016-09-21,0.38048470562974157
2016-09-22,0.22239242133644804
2016-09-23,0.16483860034399844
2016-09-24,
2016-09-25,
2016-09-26,0.3122454324538967
2016-09-27,0.31025202487594866
2016-09-28,0.362714030424749
2016-09-29,0.20759357003980417
2016-09-30,0.2394106720298363
2016-10-01,0.2969817377571314
2016-10-02,
2016-10-03,0.35284406428983905
2016-10-04,
2016-10-05,0.3843372269467721
2016-10-06,0.23958391834927958
2016-10-07,0.2520816948759138
2016-10-08,
2016-10-09,
2016-10-10,
2016-10-11,0.2968094048841679
2016-10-12,0.3150251951248471
2016-10-13,0.38537306730576054
2016-10-14,0.07505178026478436
2016-10-15,
2016-10-16,0.17687776208407932
2016-10-17,0.4428095109349239
2016-10-18,0.2460581710354209
2016-10-19,0.23229050181330446
2016-10-20,0.2351599673900168
2016-10-21,0.3794727782605851
2016-10-22,
2016-10-23,0.38994651831601335
2016-10-24,0.32653513737535284
2016-10-25,0.24455734433219517
2016-10-26,0.2500576512136442
2016-10-27,0.31774292711645274
2016-10-28,0.43466872896336656
2016-10-29,
2016-10-30,
2016-10-31,0.27026093008901547
2016-11-01,0.3544763830168936
2016-11-02,0.23781674909946765
2016-11-03,0.362487613750113
2016-11-04,0.35602210949228985
2016-11-05,
2016-11-06,
2016-11-07,0.26380445939619424
2016-11-08,0.3175286026107165
2016-11-09,0.4083221216667581
2016-11-10,0.332307841860102
2016-11-11,0.34167683924359166
2016-11-12,
2016-11-13,
2016-11-14,0.3304728272946845
2016-11-15,0.2665723274577698
2016-11-16,0.0999428611809112
2016-11-17,0.32842689702059835
2016-11-18,0.3024132634438368
2016-11-19,
2016-11-20,
2016-11-21,0.1963321539319013
2016-11-22,0.3831746031275305
2016-11-23,0.17539006450875175
2016-11-24,
2016-11-25,0.22948184612276745
2016-11-26,
2016-11-27,
2016-11-28,0.37921624608443705
2016-11-29,0.3679565624757803
2016-11-30,0.2816718314564562
2016-12-01,0.23335809576525254
2016-12-02,0.4129574517199346
2016-12-03,0.2713020218173943
2016-12-04,0.1926450779423957
2016-12-05,0.2763792931012113
2016-12-06,0.30438122284769137
2016-12-07,0.2123417409321246
2016-12-08,0.3923174227787603
2016-12-09,0.22277972202786986
2016-12-10,0.2381597371947645
2016-12-11,0.16992500144231246
2016-12-12,0.26149655131854505
2016-12-13,0.4456819125805899
2016-12-14,0.22692432613016017
2016-12-15,0.1923319251176625
2016-12-16,0.11673629114032852
2016-12-17,
2016-12-18,0.0210616155278297
2016-12-19,0.23720503149158118
2016-12-20,0.18595742581676622
2016-12-21,0.2998046383427787
2016-12-22,0.22239242133644796
2016-12-23,
2016-12-24,
2016-12-25,
2016-12-26,
2016-12-27,
2016-12-28,0.24874982973540838
2016-12-29,
2016-12-30,0.3785116232537297
2016-12-31,
2017-01-01,
2017-01-02,
2017-01-03,0.3679597612174886
2017-01-04,0.15608560172403468
2017-01-05,0.0809199953835674
2017-01-06,0.5187373527093314
2017-01-07,0.2313255461064558
2017-01-08,
2017-01-09,0.31292823291716354
2017-01-10,0.1443198024253687
2017-01-11,0.4597659454462356
2017-01-12,0.3856302934857068
2017-01-13,0.333531832774747
2017-01-14,0.18057224564182076
2017-01-15,
2017-01-16,0.37319387191755754
2017-01-17,0.33818964278878566
2017-01-18,0.362554821416035
2017-01-19,0.2749710978139695
2017-01-20,0.42698635551528047
2017-01-21,0.13750352374993496
2017-01-22,
2017-01-23,0.29384009813951356
2017-01-24,
2017-01-25,0.19584701494097745
2017-01-26,0.19917910040281417
2017-01-27,0.4304501057262245
2017-01-28,
2017-01-29,
2017-01-30,0.19185460090630216
2017-01-31,0.33418816897131354
2017-02-01,0.37199766159576075
2017-02-02,0.31146517546008834
2017-02-03,0.20160593262326065
2017-02-04,
2017-02-05,
2017-02-06,0.33401329934160173
2017-02-07,0.09675578077731184
2017-02-08,0.32192809488736257
2017-02-09,0.2674833881059054
2017-02-10,0.3424564738468769
2017-02-11,
2017-02-12,
2017-02-13,0.16812292925700573
2017-02-14,0.4090175779057077
2017-02-15,0.2996114005831857
2017-02-16,0.22955567345061204
2017-02-17,0.301501830556983
2017-02-18,
2017-02-19,
2017-02-20,0.36051202514859226
2017-02-21,0.4195249192143648
2017-02-22,0.4296376792197998
2017-02-23,0.3794959502481026
2017-02-24,0.4057576353886689
2017-02-25,
2017-02-26,
2017-02-27,0.31244384678012277
2017-02-28,0.26856466383974253
2017-03-01,0.34757270923578965
2017-03-02,0.2614507662944522
2017-03-03,0.20200803874966203
2017-03-04,0.028014376169596733
2017-03-05,
2017-03-06,0.3001547754830286
2017-03-07,0.133824257232347
2017-03-08,0.1986702730056234
2017-03-09,0.38530532460705635
2017-03-10,0.21111738326490626
2017-03-11,
2017-03-12,
2017-03-13,0.37851996485601663
2017-03-14,0.3475362018220263
2017-03-15,0.42335389090925407
2017-03-16,0.29248125036057815
2017-03-17,0.3625700793847083
2017-03-18,0.22239242133644788
2017-03-19,
2017-03-20,0.33608914654731303
2017-03-21,0.20645087746742644
2017-03-22,0.10691520391651184
2017-03-23,0.7369655941662061
2017-03-24,0.3119440063147402
2017-03-25,
2017-03-26,0.08926733809708741
2017-03-27,0.5130087388514324
2017-03-28,0.23617240365625036
2017-03-29,0.15235940242756962
2017-03-30,
2017-03-31,0.23453566573992501
2017-04-01,
2017-04-02,
2017-04-03,0.3131578852596302
2017-04-04,0.304854581528421
2017-04-05,
2017-04-06,0.32192809488736257
2017-04-07,0.11547721741993604
2017-04-08,
2017-04-09,0.12553088208385887
2017-04-10,0.31457012066693013
2017-04-11,0.3643698014638272
2017-04-12,0.296491180843703
2017-04-13,0.3455056105127202
2017-04-14,0.14963365038170937
2017-04-15,
2017-04-16,
2017-04-17,0.5015676429352324
2017-04-18,0.43609911480667357
2017-04-19,0.24445603181100625
2017-04-20,0.3792504150324342
2017-04-21,0.4637957522359749
2017-04-22,
2017-04-23,
2017-04-24,0.317331542363056
2017-04-25,0.2974382433964304
2017-04-26,0.2504559721045321
2017-04-27,0.20124225097740728
2017-04-28,0.3494721531057169
2017-04-29,
2017-04-30,0.2847294769331129
2017-05-01,0.29488975850946597
2017-05-02,0.4248139313568031
2017-05-03,0.4150374992788437
2017-05-04,0.38300159196481964
2017-05-05,0.15826208391673233
2017-05-06,
2017-05-07,0.11247472925841247
2017-05-08,
2017-05-09,
2017-05-10,
2017-05-11,0.44745897697122117
2017-05-12,0.4088703728951604
2017-05-13,
2017-05-14,
2017-05-15,0.38137009408302897
2017-05-16,0.2781783543322191
2017-05-17,0.3306237869134788
2017-05-18,0.32156283639405403
2017-05-19,0.24100809950379495
2017-05-20,0.3026680719730757
2017-05-21,0.1711960987235389
2017-05-22,0.37407025102848257
2017-05-23,0.2521958419788213
2017-05-24,0.21855146926072205
2017-05-25,0.28284465793316926
2017-05-26,0.3189714877942032
2017-05-27,0.10893437155316417
2017-05-28,0.3381687358945731
2017-05-29,0.3021841595889474
2017-05-30,0.24169633524163153
2017-05-31,0.32118099633708674
2017-06-01,0.2742153848131472
2017-06-02,0.19658782899499241
2017-06-03,0.4071753815058733
2017-06-04,
2017-06-05,0.4396964886999175
2017-06-06,0.34232382122119953
2017-06-07,0.23168388658267286
2017-06-08,0.2933934529931282
2017-06-09,0.4596105698497755
2017-06-10,0.17211912830622544
2017-06-11,0.0
2017-06-12,0.3038877856003149
2017-06-13,0.39688755261980463
2017-06-14,0.2928287888099255
2017-06-15,0.3434005758474361
2017-06-16,0.42262641712006427
2017-06-17,0.26303440583379367
2017-06-18,0.21728717070181242
2017-06-19,0.24998086000429362
2017-06-20,0.3100808892777826
2017-06-21,0.2585013591709357
2017-06-22,0.2805341566424546
2017-06-23,0.3398093226361707
2017-06-24,0.1787355183337226
2017-06-25,
2017-06-26,0.2546193402021793
2017-06-27,0.3566690294925172
2017-06-28,0.2184450057912465
2017-06-29,0.25296897490358977
2017-06-30,0.22219979685242366
2017-07-01,0.14438990933517482
2017-07-02,0.2074420798704765
2017-07-03,0.22625610234875335
2017-07-04,0.32192809488736246
2017-07-05,0.23322246369432414
2017-07-06,0.3087313769792742
2017-07-07,0.35883717643186025
2017-07-08,0.5474877953024935
2017-07-09,
2017-07-10,0.3389116607523579
2017-07-11,0.24644692123284587
2017-07-12,0.32684906868204394
2017-07-13,0.3203611924580327
2017-07-14,0.19080275894516396
2017-07-15,0.045803689613124705
2017-07-16,0.16635128324076884
2017-07-17,0.2975244448881554
2017-07-18,0.35498668887304524
2017-07-19,0.25027235285371
2017-07-20,0.32396431700853207
2017-07-21,0.3317902069975706
2017-07-22,
2017-07-23,0.18947779886371277
2017-07-24,0.32384524407023263
2017-07-25,0.1675049189017472
2017-07-26,0.3635018042953509
2017-07-27,0.34088475521965916
2017-07-28,0.3030047140127629
2017-07-29,0.0223678130284545
2017-07-30,0.09310940439148166
2017-07-31,0.2584119555502543
2017-08-01,0.39100134333088943
2017-08-02,0.38087553467410695
2017-08-03,0.3767730257466575
2017-08-04,0.4369716472407877
2017-08-05,
2017-08-06,0.26677758550941544
2017-08-07,0.28165877064735434
2017-08-08,0.35893104255108144
2017-08-09,0.26398178545014206
2017-08-10,0.4139128487673247
2017-08-11,0.2733286795693353
2017-08-12,0.22239242133644788
2017-08-13,0.14886338591448267
2017-08-14,0.27778791924507684
2017-08-15,0.3283342099503604
2017-08-16,0.32289712335359777
2017-08-17,0.3580026444706394
2017-08-18,0.20301205599814542
2017-08-19,0.1349295800861085
2017-08-20,0.2571578394971245
2017-08-21,0.31695068643249014
2017-08-22,0.1485342875024295
2017-08-23,0.37236072972553147
2017-08-24,0.48351952291081235
2017-08-25,0.3761527161118068
2017-08-26,0.062060968132251614
2017-08-27,0.27174293237249847
2017-08-28,0.340714264967973
2017-08-29,0.35115803159581854
2017-08-30,0.2690276268096512
2017-08-31,0.35298399246907936
2017-09-01,0.29006972663406927
2017-09-02,0.11063287794108183
2017-09-03,
2017-09-04,0.22650213381738338
2017-09-05,0.3441084583961294
2017-09-06,0.22705689461125353
2017-09-07,0.3778904018056694
2017-09-08,0.24933197240289573
2017-09-09,
2017-09-10,
2017-09-11,0.3662907111082806
2017-09-12,0.37277893383844823
2017-09-13,0.36794173257952933
2017-09-14,0.2849664392675866
2017-09-15,0.38423520746491635
2017-09-16,0.22239242133644788
2017-09-17,0.16513771880044115
2017-09-18,0.1771682364695807
2017-09-19,0.33232479138364995
2017-09-20,0.44977603954478834
2017-09-21,0.27691137571145535
2017-09-22,0.43157272412284436
2017-09-23,
2017-09-24,
2017-09-25,0.3026050716508425
2017-09-26,0.33024180809178244
2017-09-27,0.28431016124750347
2017-09-28,0.27211853304981654
2017-09-29,0.3867044803432009
2017-09-30,0.32192809488736246
2017-10-01,0.2651577420696459
2017-10-02,0.3220382712098482
2017-10-03,0.21976869086143191
2017-10-04,0.21757753174789807
2017-10-05,0.3087780195765882
2017-10-06,0.3388895084476613
2017-10-07,
2017-10-08,0.32318152269264977
2017-10-09,0.2803410834438019
2017-10-10,0.3006426327552442
2017-10-11,0.23948533315026785
2017-10-12,0.3912453184579436
2017-10-13,0.21840182007962045
2017-10-14,0.494764691749578
2017-10-15,-0.10962449117449821
2017-10-16,0.2667878954850013
2017-10-17,0.3929780549629006
2017-10-18,0.40606476187523766
2017-10-19,0.2971848393434141
2017-10-20,0.3800634790166295
2017-10-21,0.20910238917876345
2017-10-22,
2017-10-23,0.20135425355519024
2017-10-24,0.3334278403044362
2017-10-25,0.29067533179531035
2017-10-26,0.2828384881253785
2017-10-27,0.3337701697008421
2017-10-28,
2017-10-29,
2017-10-30,0.20840183807280566
2017-10-31,0.3295041908033238
2017-11-01,0.2787502409446316
2017-11-02,0.2622502376093919
2017-11-03,0.3727114397170858
2017-11-04,
2017-11-05,0.0
2017-11-06,0.39098757821404106
2017-11-07,0.4197000947223745
2017-11-08,0.38373045455539023
2017-11-09,0.31333430614858493
2017-11-10,0.3454732330445292
2017-11-11,0.093578878876289
2017-11-12,0.21150410519371182
2017-11-13,0.3046985129852894
2017-11-14,0.3474169692857702
2017-11-15,0.22728682168162584
2017-11-16,0.2496657332127093
2017-11-17,0.3149519025231396
2017-11-18,0.2995602818589078
2017-11-19,0.15200309344504992
2017-11-20,0.36507694827197085
2017-11-21,0.3157158393306103
2017-11-22,0.242303272696762
2017-11-23,0.2951430614104552
2017-11-24,0.3847192285279985
2017-11-25,0.06464150847248328
2017-11-26,0.22239242133644788
2017-11-27,0.4109640474436812
2017-11-28,0.34820220036384225
2017-11-29,0.3962368677654507
2017-11-30,0.49102146705753846
2017-12-01,0.36602108957579765
2017-12-02,
2017-12-03,0.0614005446641431
2017-12-04,0.3096883113267901
2017-12-05,0.41574719346994704
2017-12-06,0.31797268631663106
2017-12-07,0.23926328496959118
2017-12-08,0.2783085663846115
2017-12-09,0.19639721280350356
2017-12-10,
2017-12-11,0.2103462760518484
2017-12-12,0.2407775163494533
2017-12-13,0.3970117427039857
2017-12-14,0.32304700826644644
2017-12-15,0.34646285223068624
2017-12-16,0.0
2017-12-17,0.36017556424432556
2017-12-18,0.33598419539109053
2017-12-19,0.30956947456174266
2017-12-20,0.18709614347246978
2017-12-21,0.2147680861812914
2017-12-22,0.20593734007706824
2017-12-23,
2017-12-24,0.149747119504682
2017-12-25,
2017-12-26,0.23898275684479042
2017-12-27,0.2961691609936394
2017-12-28,0.33532426748431804
2017-12-29,0.28997986505483153
2017-12-30,0.13724726630768944
2017-12-31,0.19849268981437904
2018-01-01,0.6075064454854251
2018-01-02,0.27204953996722636
2018-01-03,0.29879494383310684
2018-01-04,0.32047844259309216
2018-01-05,0.28044321257772614
2018-01-06,0.283792966000591
2018-01-07,0.10623222946505156
2018-01-08,0.36044068384387634
2018-01-09,0.28451843077989364
2018-01-10,0.259360222125685
2018-01-11,0.28381108708700636
2018-01-12,0.38928769395488266
2018-01-13,
2018-01-14,0.16974323313583356
2018-01-15,0.335098832060331
2018-01-16,0.342031787351365
2018-01-17,0.2886396048507374
2018-01-18,0.3112125068684029
2018-01-19,0.29975986141509414
2018-01-20,
2018-01-21,0.18641312423088122
2018-01-22,0.2313536814286429
2018-01-23,0.3412192243900783
2018-01-24,0.33474313261435157
2018-01-25,0.23239635995367516
2018-01-26,0.2222957562807075
2018-01-27,0.42269107182227916
2018-01-28,
2018-01-29,0.314187895974329
2018-01-30,0.36307917707011367
2018-01-31,0.39791063784938485
2018-02-01,0.16667348884851765
2018-02-02,0.3051655411276377
2018-02-03,0.30875270613962896
2018-02-04,0.08406426478847445
2018-02-05,0.30245191818837297
2018-02-06,0.23368264606853842
2018-02-07,0.35437346912848605
2018-02-08,0.19479064811415114
2018-02-09,0.3737416551288397
2018-02-10,0.028569152196770926
2018-02-11,0.17932369944456214
2018-02-12,0.3715765084737951
2018-02-13,0.3310390608255122
2018-02-14,0.32614447610294345
2018-02-15,0.3306348282322357
2018-02-16,0.1808324690799453
2018-02-17,
2018-02-18,0.3479233034203067
2018-02-19,0.4207671334145988
2018-02-20,0.29767316345538064
2018-02-21,0.2803927303021868
2018-02-22,0.48350961031065703
2018-02-23,0.4528535961860686
2018-02-24,
2018-02-25,0.05377125644098086
2018-02-26,0.23874363502499218
2018-02-27,0.28500295998465663
2018-02-28,0.3590380301870822
2018-03-01,0.3374330183360159
2018-03-02,0.37465069055809547
2018-03-03,0.11547721741993594
2018-03-04,0.19901553698657687
2018-03-05,0.41655936304145535
2018-03-06,0.2737254811202089
2018-03-07,0.23261259583604382
2018-03-08,0.30183038553139513
2018-03-09,0.3024564997191541
2018-03-10,0.4033556942312083
2018-03-11,0.0
2018-03-12,0.33457851527473437
2018-03-13,0.3529336525501498
2018-03-14,0.34888489537731204
2018-03-15,0.27253570131325955
2018-03-16,0.29459743459377885
2018-03-17,
2018-03-18,0.10691520391651184
2018-03-19,0.2097373675266772
2018-03-20,0.2645084745314703
2018-03-21,0.3781451054701026
2018-03-22,0.4019159306040345
2018-03-23,0.35074281295611837
2018-03-24,0.09953567355091451
2018-03-25,
2018-03-26,0.3821469870953836
2018-03-27,0.2552626618550693
2018-03-28,0.46398168100658094
2018-03-29,0.24551033254309917
2018-03-30,0.37737764933587015
2018-03-31,0.16170351190663776
2018-04-01,0.15978441100671995
2018-04-02,0.3433500440143773
2018-04-03,0.293839206368787
2018-04-04,0.25784351412349127
2018-04-05,0.33151367250187946
2018-04-06,0.29395158319403253
2018-04-07,0.3370349872775705
2018-04-08,0.0
2018-04-09,0.3637497791765138
2018-04-10,0.3744258274401606
2018-04-11,0.2606165172032261
2018-04-12,0.3945749332625991
2018-04-13,0.26007121359924507
2018-04-14,0.05153030064008187
2018-04-15,0.31502519512484706
2018-04-16,0.25618009979219963
2018-04-17,0.21054999951882822
2018-04-18,0.1685439462583781
2018-04-19,-0.0033727406765716606
2018-04-20,0.2225979279075575
2018-04-21,0.23950027900540452
2018-04-22,0.21681138907314815
2018-04-23,0.43174346354489807
2018-04-24,0.3703937751631377
2018-04-25,0.33363835602260256
2018-04-26,0.31990876350397623
2018-04-27,0.3111389769959911
2018-04-28,0.19107280886073466
2018-04-29,0.09632253897119789
2018-04-30,0.3313604167018047
2018-05-01,0.3107562789668699
2018-05-02,0.22629167991191274
2018-05-03,0.32898458861830865
2018-05-04,0.21184351033008905
2018-05-05,
2018-05-06,0.20353339408513194
2018-05-07,0.23463430089998716
2018-05-08,0.19561104550179087
2018-05-09,0.036884914227485466
2018-05-10,0.07282688963893381
2018-05-11,0.2574585661449983
2018-05-12,0.2262491510816626
2018-05-13,0.2444678064736902
2018-05-14,0.17188009054956377
2018-05-15,0.19310646611451066
2018-05-16,0.23918879673543303
2018-05-17,0.205981241420876
2018-05-18,0.1743005108629682
2018-05-19,
2018-05-20,0.1876270031757714
2018-05-21,0.3109044915041721
2018-05-22,0.274426489228947
2018-05-23,0.1595183444072829
2018-05-24,0.1504865298738685
2018-05-25,0.1438090798470175
2018-05-26,
2018-05-27,0.33703498727757053
2018-05-28,0.34443805145538414
2018-05-29,0.2704095784223046
2018-05-30,0.23168910091131875
2018-05-31,0.3879109760515027
2018-06-01,0.27216025811190514
2018-06-02,0.27376081242685235
2018-06-03,0.29639300278022473
2018-06-04,0.2226602685192907
2018-06-05,0.3316215918980743
2018-06-06,0.1969924303017107
2018-06-07,0.34907150194757336
2018-06-08,0.28997187408269637
2018-06-09,0.28630418515664097
2018-06-10,0.18344614109593124
2018-06-11,0.3126605886140261
2018-06-12,0.5021890383564195
2018-06-13,0.36499505083554784
2018-06-14,0.4724518297583799
2018-06-15,0.29959184218167834
2018-06-16,
2018-06-17,0.3074285251922474
2018-06-18,0.33895249199606975
2018-06-19,0.2158146191078417
2018-06-20,0.3604953734667576
2018-06-21,0.12831349732254832
2018-06-22,0.08933096127594278
2018-06-23,
2018-06-24,0.2630344058337937
2018-06-25,-0.03635031608683437
2018-06-26,0.20616187897643218
2018-06-27,0.24934510940698731
2018-06-28,0.37112408510158557
2018-06-29,0.11314649452210711
2018-06-30,-0.07800251200127334
2018-07-01,0.0
2018-07-02,0.04003445016070809
2018-07-03,0.2344821340467146
2018-07-04,0.24763828683246403
2018-07-05,0.10151403175400016
2018-07-06,0.19057637448125944
2018-07-07,
2018-07-08,-0.08406426478847445
2018-07-09,0.18081460216736595
2018-07-10,0.10724120631848058
2018-07-11,0.17069232522602407
2018-07-12,0.11443183888914563
2018-07-13,0.2351424891784366
2018-07-14,0.11907986859738241
2018-07-15,0.4344028241457749
2018-07-16,0.24940462055424092
2018-07-17,0.28755310101895826
2018-07-18,0.3115320074784368
2018-07-19,0.30367350669206417
2018-07-20,0.24417322971167138
2018-07-21,0.09953567355091436
2018-07-22,0.304854581528421
2018-07-23,0.28582699504608294
2018-07-24,0.28006660100974173
2018-07-25,0.2501917303118332
2018-07-26,0.37239631560380276
2018-07-27,0.19239907597134714
2018-07-28,0.1926450779423957
2018-07-29,0.3061031277256798
2018-07-30,0.2517301628741626
2018-07-31,0.29055651981419517
2018-08-01,0.27348719246076164
2018-08-02,0.3997196505945899
2018-08-03,0.3301438682828243
2018-08-04,
2018-08-05,
2018-08-06,0.2835225941339858
2018-08-07,0.4545154213679598
2018-08-08,0.356122708721948
2018-08-09,0.351059173428486
2018-08-10,0.2838481227409671
2018-08-11,
2018-08-12,0.2954558835261711
2018-08-13,0.4629963932574027
2018-08-14,0.3557778279173793
2018-08-15,0.3633575759558467
2018-08-16,0.301706937571536
2018-08-17,0.2429975268293795
2018-08-18,
2018-08-19,0.07662128160291225
2018-08-20,0.36254322442265674
2018-08-21,0.39520812969301095
2018-08-22,0.34256263528623265
2018-08-23,0.16065457895575858
2018-08-24,0.27211794305129355
2018-08-25,0.1894777988637127
2018-08-26,0.27563444261342746
2018-08-27,0.2915307045887746
2018-08-28,0.28064885514457766
2018-08-29,0.2992049020754545
2018-08-30,0.2783580436599403
2018-08-31,0.3547602248518988
2018-09-01,
2018-09-02,0.3504972470841331
2018-09-03,0.14176861157755696
2018-09-04,0.10056358785643714
2018-09-05,0.07403186055920298
2018-09-06,0.1750488404143053
2018-09-07,0.2745039114755679
2018-09-08,0.14886338591448248
2018-09-09,0.23006640350316587
2018-09-10,0.2725671815061932
2018-09-11,0.17584569658211022
2018-09-12,0.27344850989298664
2018-09-13,0.2700354042369653
2018-09-14,0.2521861665301716
2018-09-15,0.05062607306996799
2018-09-16,0.12373536842224486
2018-09-17,0.11227100001357421
2018-09-18,0.2535075371121156
2018-09-19,0.04032054099184046
2018-09-20,0.2346742861600898
2018-09-21,0.14400038668063125
2018-09-22,
2018-09-23,
2018-09-24,0.20948581047275677
2018-09-25,0.25921204889977606
2018-09-26,0.20323944409322095
2018-09-27,0.19561006975253925
2018-09-28,0.2751935891037004
2018-09-29,0.3083356802242471
2018-09-30,0.3625700793847083
2018-10-01,0.34879587519019495
2018-10-02,0.24655451106427823
2018-10-03,0.23766087537453395
2018-10-04,0.24850606409705156
2018-10-05,0.26806728743540414
2018-10-06,
2018-10-07,
2018-10-08,0.28347717378490334
2018-10-09,0.3392898453705829
2018-10-10,0.2554674878287766
2018-10-11,0.30813490555222883
2018-10-12,0.2285186854763288
2018-10-13,
2018-10-14,0.08246216019197286
2018-10-15,0.2761432446504382
2018-10-16,0.3785890210817387
2018-10-17,0.30550308512408714
2018-10-18,0.3349348899657105
2018-10-19,0.5052504546756797
2018-10-20,0.33948646627166684
2018-10-21,0.23815271860084686
2018-10-22,0.3758937361421558
2018-10-23,0.2856055150559304
2018-10-24,0.2819843276582124
2018-10-25,0.21085684449582429
2018-10-26,0.2286759489812111
2018-10-27,
2018-10-28,
2018-10-29,0.39207505186458824
2018-10-30,0.30523601624204844
2018-10-31,0.3330402813731395
2018-11-01,0.19385668726904295
2018-11-02,0.2603207424162689
2018-11-03,
2018-11-04,0.3661278987978974
2018-11-05,0.2835950783468037
2018-11-06,0.3125104088884996
2018-11-07,0.3220291965037571
2018-11-08,0.12927950879421646
2018-11-09,0.3292715307795229
2018-11-10,0.3498688993664475
2018-11-11,
2018-11-12,0.37141553417783013
2018-11-13,0.27002281393230654
2018-11-14,0.24923396092391475
2018-11-15,0.22004303996302393
2018-11-16,0.37355815518391566
2018-11-17,0.44745897697122117
2018-11-18,0.11247472925841238
2018-11-19,0.3304733604317943
2018-11-20,0.21613999435486878
2018-11-21,0.2876483807975946
2018-11-22,0.2717924100867004
2018-11-23,0.26375611426862816
2018-11-24,0.3169896604647334
2018-11-25,-0.10433665981473561
2018-11-26,0.23951286882398642
2018-11-27,0.23498513650013578
2018-11-28,0.41365797413380256
2018-11-29,0.3460739825026008
2018-11-30,0.21694826326507985
2018-12-01,0.46297197634254594
2018-12-02,0.28515786237837737
2018-12-03,0.43568332566702955
2018-12-04,0.2831288722621586
2018-12-05,0.18345204153876027
2018-12-06,0.40981744571711015
2018-12-07,0.1872345435882633
2018-12-08,0.39882618121175306
2018-12-09,
2018-12-10,0.2234049325233289
2018-12-11,0.22820694210096606
2018-12-12,0.32310198942478074
2018-12-13,0.25024653029145066
2018-12-14,0.14332877076144107
2018-12-15,0.2723722704131299
2018-12-16,
2018-12-17,0.15202369111398367
2018-12-18,0.3090684934910795
2018-12-19,0.2667074930923516
2018-12-20,0.2843065574664724
2018-12-21,0.390573998969286
2018-12-22,0.45943161863729737
2018-12-23,
2018-12-24,0.1906835616091097
2018-12-25,0.15671274474157984
2018-12-26,0.3421704658967761
2018-12-27,0.14536778119656893
2018-12-28,0.3395408606107875
2018-12-29,0.2708328333593031
2018-12-30,0.2596438166330198
2018-12-31,0.26303681106702725
2019-01-01,
2019-01-02,0.4150374992788437
2019-01-03,0.33249847166913854
2019-01-04,0.437280414118036
2019-01-05,0.26434714053720554
2019-01-06,0.3186911278959664
2019-01-07,0.2250010525058197
2019-01-08,0.27325291258849
2019-01-09,0.33379170008816483
2019-01-10,0.12666499247581722
2019-01-11,0.259280121759891
2019-01-12,0.3271647432535096
2019-01-13,
2019-01-14,0.26498535324282657
2019-01-15,0.18583826411674428
2019-01-16,0.20211216187409153
2019-01-17,0.241650819055284
2019-01-18,0.22600839386456978
2019-01-19,
2019-01-20,0.11103131238874372
2019-01-21,0.31368956014289456
2019-01-22,0.39552056536375685
2019-01-23,0.19682385600135335
2019-01-24,0.41001690667225515
2019-01-25,0.3982829169213835
2019-01-26,0.09310940439148166
2019-01-27,
2019-01-28,0.2848427369691868
2019-01-29,0.3349549051214889
2019-01-30,0.28814176084865023
2019-01-31,0.3391604813608434
2019-02-01,0.3575353146635743
2019-02-02,0.4405725913859815
2019-02-03,0.1783372412585123
2019-02-04,0.2552927620271483
2019-02-05,0.3431853548026419
2019-02-06,0.19423370315297733
2019-02-07,0.20253328236723211
2019-02-08,0.2830506622995169
2019-02-09,0.22637365266604184
2019-02-10,
2019-02-11,0.29925878112989396
2019-02-12,0.3407323532264089
2019-02-13,0.24941594938070677
2019-02-14,0.2238402941349369
2019-02-15,0.2665800640927866
2019-02-16,
2019-02-17,
2019-02-18,0.21627450096398648
2019-02-19,0.3130188654961319
2019-02-20,0.3793220087289155
2019-02-21,0.36535591459835476
2019-02-22,0.394972571972595
2019-02-23,0.19854567938208031
2019-02-24,0.18555565315607642
2019-02-25,0.27576398134088725
2019-02-26,0.3460791223548624
2019-02-27,0.17120043494341014
2019-02-28,0.2916078234284106
2019-03-01,0.2695512619951938
2019-03-02,0.18162985842870177
2019-03-03,0.19264507794239596
2019-03-04,0.2875194890712665
2019-03-05,0.2903128201546198
2019-03-06,0.213570985939838
2019-03-07,0.25790911450660176
2019-03-08,0.3538915381675913
2019-03-09,0.0780025120012731
2019-03-10,
2019-03-11,0.30192911255623595
2019-03-12,0.2817945614031255
2019-03-13,0.14390199315693958
2019-03-14,0.22562288364425637
2019-03-15,0.24354743201118184
2019-03-16,0.38365251164102326
2019-03-17,0.6100534816839865
2019-03-18,0.29012505410246725
2019-03-19,0.27313382700807326
2019-03-20,0.3296516675564787
2019-03-21,0.25097581276691056
2019-03-22,0.2911870509853537
2019-03-23,0.32192809488736224
2019-03-24,0.1711960987235389
2019-03-25,0.35985233789042465
2019-03-26,0.31981580153378414
2019-03-27,0.284347103058103
2019-03-28,0.19747241431873705
2019-03-29,0.31836403875335256
2019-03-30,0.24792751344358566
2019-03-31,0.43609911480667357
2019-04-01,0.3729160594220479
2019-04-02,0.2831451446658654
2019-04-03,0.18447913591382537
2019-04-04,0.12056496630611717
2019-04-05,0.3831921186835032
2019-04-06,
2019-04-07,
2019-04-08,0.35698903175632885
