30.04.09;161,84
01.05.09;164,13
04.05.09;167,78
05.05.09;168,02
06.05.09;168,72
07.05.09;162,81
08.05.09;162,13
11.05.09;162,61
12.05.09;164,41
13.05.09;160,63
14.05.09;160,95
15.05.09;159,16
18.05.09;159,67
19.05.09;159,96
20.05.09;158,59
21.05.09;154,9
22.05.09;154,1
26.05.09;159,05
27.05.09;156,17
28.05.09;159,01
29.05.09;159,78
01.06.09;159,19
02.06.09;160,68
03.06.09;158,62
04.06.09;158,49
05.06.09;158,6
08.06.09;157,49
09.06.09;157,41
10.06.09;157,67
11.06.09;160,31
12.06.09;161,81
15.06.09;159,84
16.06.09;158,2
17.06.09;157,77
18.06.09;158,43
19.06.09;156,74
22.06.09;157,5
23.06.09;160,12
24.06.09;160,69
25.06.09;162,36
26.06.09;162,53
29.06.09;164,49
30.06.09;161,59
01.07.09;162,05
02.07.09;158,53
06.07.09;159,59
07.07.09;156,49
08.07.09;153,98
09.07.09;154,02
10.07.09;153,8
13.07.09;155,88
14.07.09;154,82
15.07.09;157,97
16.07.09;157,45
17.07.09;158,36
20.07.09;160,55
21.07.09;161,94
22.07.09;162,54
23.07.09;166,9
24.07.09;166,89
27.07.09;167,19
28.07.09;167,36
29.07.09;168,72
30.07.09;170,79
31.07.09;169,73
03.08.09;170,21
04.08.09;169,92
05.08.09;166,83
06.08.09;164,91
07.08.09;165,08
10.08.09;164,64
11.08.09;162,85
12.08.09;165,14
13.08.09;164,76
14.08.09;164,26
17.08.09;160,99
18.08.09;161,54
19.08.09;162,52
20.08.09;163,93
21.08.09;166,89
24.08.09;167,21
25.08.09;167,35
26.08.09;168,62
27.08.09;167,58
28.08.09;166,7
31.08.09;165,7
01.09.09;161,74
02.09.09;161,3
03.09.09;161,12
04.09.09;163,68
08.09.09;165,08
09.09.09;165,66
10.09.09;169,19
11.09.09;169,67
14.09.09;169,26
15.09.09;169,83
16.09.09;168,53
17.09.09;166,31
18.09.09;169,76
21.09.09;168,76
22.09.09;167,61
23.09.09;170,36
24.09.09;170,11
25.09.09;169,46
28.09.09;172,03
29.09.09;171,13
30.09.09;170,6
01.10.09;167,91
02.10.09;167,42
05.10.09;168,76
06.10.09;170,72
07.10.09;167,96
08.10.09;166,56
09.10.09;165,33
12.10.09;165,16
13.10.09;165,84
14.10.09;165,83
15.10.09;166,9
16.10.09;165,45
19.10.09;166,8
20.10.09;165,93
21.10.09;165,86
22.10.09;166,76
23.10.09;164,59
26.10.09;162,43
27.10.09;164,11
28.10.09;166,99
29.10.09;167,92
30.10.09;164,47
02.11.09;163,85
03.11.09;162,96
04.11.09;163,65
05.11.09;165,61
06.11.09;166,13
09.11.09;169,86
10.11.09;169,82
11.11.09;170,18
12.11.09;168,84
13.11.09;168,91
16.11.09;170,25
17.11.09;171,28
18.11.09;171,74
19.11.09;170,53
20.11.09;170,24
23.11.09;174,73
24.11.09;176,46
25.11.09;177,18
27.11.09;175,86
30.11.09;175,15
01.12.09;178,07
02.12.09;179,41
03.12.09;179,77
04.12.09;180,15
07.12.09;183,39
08.12.09;181,59
09.12.09;181,58
10.12.09;182,92
11.12.09;184,06
14.12.09;183,82
15.12.09;181,3
16.12.09;180,74
17.12.09;179,4
18.12.09;179,79
21.12.09;181,34
22.12.09;183,2
23.12.09;183,52
24.12.09;184,19
28.12.09;185,24
29.12.09;185,22
30.12.09;185,09
31.12.09;183,28
04.01.10;186,13
05.01.10;186,49
06.01.10;183,16
07.01.10;181,61
08.01.10;180,79
11.01.10;180,73
12.01.10;180
13.01.10;179,31
14.01.10;176,1
15.01.10;173,61
19.01.10;176,13
20.01.10;173,63
21.01.10;172,4
22.01.10;170,17
25.01.10;171,97
26.01.10;169,89
27.01.10;170,49
28.01.10;168,9
29.01.10;168,25
01.02.10;168,98
02.02.10;171,09
03.02.10;169,7
04.02.10;165,67
05.02.10;166,5
08.02.10;165,23
09.02.10;167,38
10.02.10;166,64
11.02.10;167,41
12.02.10;166,56
16.02.10;168,2
17.02.10;168,8
18.02.10;168,54
19.02.10;168
22.02.10;167,56
23.02.10;165,97
24.02.10;166,57
25.02.10;165,85
26.02.10;166,14
01.03.10;167,17
02.03.10;167,02
03.03.10;166,78
04.03.10;167,2
05.03.10;167,48
08.03.10;169,33
09.03.10;171,42
10.03.10;171,22
11.03.10;171,96
12.03.10;171,66
15.03.10;172,52
16.03.10;172,87
17.03.10;173,93
18.03.10;174,99
19.03.10;175,75
22.03.10;176,87
23.03.10;178,48
24.03.10;176,6
25.03.10;175,07
26.03.10;175,46
29.03.10;176,82
30.03.10;176,19
31.03.10;175,37
01.04.10;177,05
05.04.10;178,37
06.04.10;177,71
07.04.10;175,82
08.04.10;177,37
09.04.10;178,95
12.04.10;178,66
13.04.10;178,27
14.04.10;178,07
15.04.10;177,69
16.04.10;176,24
19.04.10;178,18
20.04.10;179,34
21.04.10;177,7
22.04.10;177,09
23.04.10;176,73
26.04.10;176,26
27.04.10;174,2
28.04.10;174,97
29.04.10;176,44
30.04.10;175,17
03.05.10;177,09
04.05.10;174,15
05.05.10;173,94
06.05.10;169,75
07.05.10;168,67
10.05.10;172,71
11.05.10;172,48
12.05.10;174,26
13.05.10;174,57
14.05.10;172,59
17.05.10;174,59
18.05.10;173,69
19.05.10;173,34
20.05.10;168,66
21.05.10;169,14
24.05.10;167,47
25.05.10;167,85
26.05.10;165,91
27.05.10;169,91
28.05.10;168,35
01.06.10;166,97
02.06.10;170,37
03.06.10;170,73
04.06.10;167,02
07.06.10;166,92
08.06.10;170,38
09.06.10;170,31
10.06.10;173,91
11.06.10;174,33
14.06.10;173,76
15.06.10;176,56
16.06.10;176,49
17.06.10;176,41
18.06.10;175,84
21.06.10;175,63
22.06.10;174,65
23.06.10;175,73
24.06.10;173,12
25.06.10;171,09
28.06.10;172,85
29.06.10;170,19
30.06.10;167,94
01.07.10;168,57
02.07.10;168,91
06.07.10;169,21
07.07.10;172,12
08.07.10;173,99
09.07.10;174,38
12.07.10;174,29
13.07.10;175,78
14.07.10;175,99
15.07.10;176,1
16.07.10;174,01
19.07.10;174,98
20.07.10;175,56
21.07.10;175,17
22.07.10;178,63
23.07.10;180,72
26.07.10;183,45
27.07.10;184,11
28.07.10;184,78
29.07.10;183,84
30.07.10;183,7
02.08.10;187,38
03.08.10;187,27
04.08.10;187,16
05.08.10;187,64
06.08.10;186,84
09.08.10;188,8
10.08.10;189,54
11.08.10;186,37
12.08.10;188,09
13.08.10;187,91
16.08.10;187,36
17.08.10;189,63
18.08.10;190,9
19.08.10;188,2
20.08.10;185,71
23.08.10;185,54
24.08.10;186,05
25.08.10;187,24
26.08.10;186,48
27.08.10;188,01
30.08.10;185,71
31.08.10;187,83
01.09.10;190,88
02.09.10;191,44
03.09.10;191,94
07.09.10;191,4
08.09.10;192,54
09.09.10;194,84
10.09.10;195,15
13.09.10;195,88
14.09.10;196,04
15.09.10;197,07
16.09.10;197,53
17.09.10;198,65
20.09.10;201,73
21.09.10;202,35
22.09.10;202,11
23.09.10;201,11
24.09.10;202,88
27.09.10;204,71
28.09.10;204,88
29.09.10;203,83
30.09.10;203,13
01.10.10;204,87
04.10.10;204,79
05.10.10;208,23
06.10.10;207,3
07.10.10;204,84
08.10.10;204,3
11.10.10;204,94
12.10.10;204,86
13.10.10;204,73
14.10.10;205,4
15.10.10;204,44
18.10.10;205,77
19.10.10;203,18
20.10.10;206,08
21.10.10;205,1
22.10.10;204,47
25.10.10;205,22
26.10.10;205,4
27.10.10;204,56
28.10.10;205,1
29.10.10;205,21
01.11.10;205,92
02.11.10;207,68
03.11.10;208,77
04.11.10;211,71
05.11.10;210,45
08.11.10;209,84
09.11.10;209,54
10.11.10;209,39
11.11.10;207,9
12.11.10;206,09
15.11.10;206,61
16.11.10;203,27
17.11.10;202,92
18.11.10;205,99
19.11.10;205,99
22.11.10;205,36
23.11.10;203,61
24.11.10;204,7
26.11.10;203,99
29.11.10;202,04
30.11.10;202,28
01.12.10;205,28
02.12.10;207,43
03.12.10;207,72
06.12.10;207,66
07.12.10;208,56
08.12.10;208,56
09.12.10;210,77
10.12.10;212,07
13.12.10;212,21
14.12.10;215,59
15.12.10;214,26
16.12.10;214,69
17.12.10;213,98
20.12.10;215,02
21.12.10;215,45
22.12.10;215,84
23.12.10;216,4
27.12.10;217,02
28.12.10;216,93
29.12.10;217,2
30.12.10;217,35
31.12.10;218,05
03.01.11;221
04.01.11;222,99
05.01.11;224,36
06.01.11;220,54
07.01.11;218,66
10.01.11;216,5
11.01.11;213,21
12.01.11;214,19
13.01.11;215,09
14.01.11;215,26
18.01.11;212,5
19.01.11;212,28
20.01.11;211,89
21.01.11;212,81
24.01.11;214,15
25.01.11;216,36
26.01.11;218,34
27.01.11;216,35
28.01.11;211,68
31.01.11;211,98
01.02.11;214,61
02.02.11;213,64
03.02.11;215,6
04.02.11;215,64
07.02.11;215,31
08.02.11;215,88
09.02.11;216,79
10.02.11;217,95
11.02.11;219,42
14.02.11;218,36
15.02.11;217,79
16.02.11;217,27
17.02.11;217,82
18.02.11;218,07
22.02.11;214,47
23.02.11;212,27
24.02.11;211,86
25.02.11;213,98
28.02.11;217,15
01.03.11;213,47
02.03.11;214,36
03.03.11;214,77
04.03.11;213,23
07.03.11;213,19
08.03.11;216,51
09.03.11;218,25
10.03.11;216,88
11.03.11;215,62
14.03.11;213,24
15.03.11;211,04
16.03.11;208
17.03.11;212,41
18.03.11;214,41
21.03.11;213,95
22.03.11;215,13
23.03.11;215,54
24.03.11;217,43
25.03.11;219,12
28.03.11;222,22
29.03.11;225,53
30.03.11;228,68
31.03.11;228,62
01.04.11;228,29
04.04.11;228,8
05.04.11;227,66
06.04.11;228,68
07.04.11;228,68
08.04.11;229,25
11.04.11;229,21
12.04.11;227,94
13.04.11;227,37
14.04.11;227,91
15.04.11;229,38
18.04.11;226,31
19.04.11;226,17
20.04.11;227,16
21.04.11;227,84
25.04.11;227,29
26.04.11;230,61
27.04.11;233,68
28.04.11;234,13
29.04.11;232,62
02.05.11;232,28
03.05.11;235,72
04.05.11;235,14
05.05.11;232,07
06.05.11;232,59
09.05.11;233,25
10.05.11;235,8
11.05.11;233,73
12.05.11;235,24
13.05.11;233,96
16.05.11;232,05
17.05.11;232,75
18.05.11;233,42
19.05.11;234,89
20.05.11;234,72
23.05.11;233,19
24.05.11;234,3
25.05.11;232,75
26.05.11;234,17
27.05.11;234,78
31.05.11;236,44
01.06.11;233,12
02.06.11;232,39
03.06.11;228,53
06.06.11;226,29
07.06.11;225,84
08.06.11;226,24
09.06.11;226,06
10.06.11;224,43
13.06.11;225,93
14.06.11;227,23
15.06.11;224,3
16.06.11;224,62
17.06.11;226,37
20.06.11;227,61
21.06.11;229,45
22.06.11;228,28
23.06.11;227,79
24.06.11;226,03
27.06.11;228,47
28.06.11;230,08
29.06.11;231,52
30.06.11;233,45
01.07.11;236,48
05.07.11;235,99
06.07.11;236,69
07.07.11;236,67
08.07.11;235,94
11.07.11;233,25
12.07.11;232,9
13.07.11;232,62
14.07.11;230,93
15.07.11;230,04
18.07.11;228,19
19.07.11;230
20.07.11;229,91
21.07.11;230,95
22.07.11;229,85
25.07.11;226,71
26.07.11;227,07
27.07.11;226,17
28.07.11;221,11
29.07.11;220,16
01.08.11;222,18
02.08.11;218,03
03.08.11;220,17
04.08.11;212,95
05.08.11;213,77
08.08.11;202,32
09.08.11;211,15
10.08.11;205,37
11.08.11;210,52
12.08.11;209,5
15.08.11;214,41
16.08.11;213,82
17.08.11;217,31
18.08.11;211,8
19.08.11;209,03
22.08.11;210,79
23.08.11;216,36
24.08.11;219,23
25.08.11;215,59
26.08.11;215,95
29.08.11;218,62
30.08.11;220,78
31.08.11;217,18
01.09.11;215,34
02.09.11;213
06.09.11;210,76
07.09.11;213,3
08.09.11;212,07
09.09.11;209,63
12.09.11;210,98
13.09.11;213,42
14.09.11;214,43
15.09.11;216,37
16.09.11;218,99
19.09.11;216,68
20.09.11;217,74
21.09.11;213,26
22.09.11;209,4
23.09.11;210,86
26.09.11;214,05
27.09.11;216,6
28.09.11;215,33
29.09.11;217,13
30.09.11;214,74
03.10.11;210,84
04.10.11;212
05.10.11;213,88
06.10.11;215,07
07.10.11;214,34
10.10.11;218,92
11.10.11;216,69
12.10.11;218,77
13.10.11;220,16
14.10.11;221,39
17.10.11;219,81
18.10.11;221,63
19.10.11;220,37
20.10.11;220,1
21.10.11;221,9
24.10.11;219,96
25.10.11;216,08
26.10.11;218,43
27.10.11;223,94
28.10.11;224,94
31.10.11;221,12
01.11.11;217,53
02.11.11;220,34
03.11.11;223,92
04.11.11;222,17
07.11.11;224
08.11.11;224,71
09.11.11;220,38
10.11.11;222,44
11.11.11;224,61
14.11.11;222,21
15.11.11;223,22
16.11.11;219,65
17.11.11;218,53
18.11.11;218,06
21.11.11;215,8
22.11.11;214,86
23.11.11;210,34
25.11.11;209,82
28.11.11;214,3
29.11.11;215,83
30.11.11;222,86
01.12.11;221,98
02.12.11;222,19
05.12.11;223,8
06.12.11;224,47
07.12.11;225,04
08.12.11;221,09
09.12.11;223,2
12.12.11;222,59
13.12.11;222,39
14.12.11;220,98
15.12.11;221,47
16.12.11;222,46
19.12.11;220,81
20.12.11;224,97
21.12.11;225,94
22.12.11;227,8
23.12.11;229,95
27.12.11;230,73
28.12.11;229,29
29.12.11;231,27
30.12.11;231,71
03.01.12;231,87
04.01.12;230,59
05.01.12;229,42
06.01.12;228,15
09.01.12;228,04
10.01.12;229,06
11.01.12;230,73
12.01.12;231,4
13.01.12;231,2
17.01.12;232,14
18.01.12;232,93
19.01.12;233,26
20.01.12;233,63
23.01.12;231,8
24.01.12;228,74
25.01.12;229,43
26.01.12;225,13
27.01.12;223,56
30.01.12;224,92
31.01.12;225,32
01.02.12;226,91
02.02.12;227,13
03.02.12;228,85
06.02.12;229,6
07.02.12;229,62
08.02.12;229,59
09.02.12;229,43
10.02.12;228,08
13.02.12;229,96
14.02.12;229,76
15.02.12;228,59
16.02.12;230,09
17.02.12;231,51
21.02.12;232,83
22.02.12;231,71
23.02.12;233,21
24.02.12;233
27.02.12;233,2
28.02.12;233,96
29.02.12;233,7
01.03.12;234,46
02.03.12;235,83
05.03.12;236,46
06.03.12;234,46
07.03.12;235,75
08.03.12;237,32
09.03.12;238,47
12.03.12;239,71
13.03.12;241,18
14.03.12;239,95
15.03.12;240,95
16.03.12;240,94
19.03.12;241,25
20.03.12;241,58
21.03.12;242,36
22.03.12;241,27
23.03.12;239,93
26.03.12;241,25
27.03.12;239,14
28.03.12;236,91
29.03.12;236,3
30.03.12;236,52
02.04.12;238,09
03.04.12;237,85
04.04.12;237,92
05.04.12;236,74
09.04.12;234,76
10.04.12;230,88
11.04.12;233,87
12.04.12;236,08
13.04.12;233,76
16.04.12;234,11
17.04.12;236,46
18.04.12;235,38
19.04.12;235,84
20.04.12;237,4
23.04.12;235,83
24.04.12;242,41
25.04.12;242,62
26.04.12;246,62
27.04.12;247,76
30.04.12;249,28
01.05.12;250,51
02.05.12;250,43
03.05.12;250,55
04.05.12;248,23
07.05.12;249,33
08.05.12;248,91
09.05.12;247,65
10.05.12;249,79
11.05.12;252,82
14.05.12;251,45
15.05.12;250,53
16.05.12;249,48
17.05.12;250,42
18.05.12;252,14
21.05.12;252,02
22.05.12;251,74
23.05.12;251,16
24.05.12;252,62
25.05.12;253,28
29.05.12;255,23
30.05.12;253,84
31.05.12;255,75
01.06.12;252,25
04.06.12;254,11
05.06.12;253,6
06.06.12;257,11
07.06.12;255,31
08.06.12;259,25
11.06.12;259,5
12.06.12;262,11
13.06.12;262,27
14.06.12;267,15
15.06.12;267,33
18.06.12;267,85
19.06.12;267,28
20.06.12;266,04
21.06.12;264,23
22.06.12;266,4
25.06.12;264,16
26.06.12;264,89
27.06.12;265,84
28.06.12;267,32
29.06.12;269,95
02.07.12;273,87
03.07.12;273,37
05.07.12;271,75
06.07.12;272,14
09.07.12;273,12
10.07.12;272,46
11.07.12;272,47
12.07.12;270,43
13.07.12;274,13
16.07.12;274,82
17.07.12;278,09
18.07.12;279,31
19.07.12;274,2
20.07.12;273,11
23.07.12;272,65
24.07.12;267,87
25.07.12;270,11
26.07.12;278,2
27.07.12;283,61
30.07.12;285,45
31.07.12;287,63
01.08.12;287,15
02.08.12;285,32
03.08.12;285,28
06.08.12;286,04
07.08.12;284,94
08.08.12;284,96
09.08.12;284,89
10.08.12;287,02
13.08.12;286,35
14.08.12;285,82
15.08.12;285,79
16.08.12;285,37
17.08.12;285,11
20.08.12;282,82
21.08.12;279,93
22.08.12;278,8
23.08.12;277,82
24.08.12;281,87
27.08.12;280,47
28.08.12;279,49
29.08.12;281,44
30.08.12;280,15
31.08.12;280,4
04.09.12;282,72
05.09.12;283,77
06.09.12;287,04
07.09.12;285,53
10.09.12;286,8
11.09.12;288,18
12.09.12;290,28
13.09.12;293,75
14.09.12;287,87
17.09.12;289,39
18.09.12;290,27
19.09.12;292,31
20.09.12;293,35
21.09.12;294,77
24.09.12;295,45
25.09.12;293,88
26.09.12;293,52
27.09.12;293,88
28.09.12;291,69
01.10.12;290,94
02.10.12;291,31
03.10.12;294,39
04.10.12;296,79
05.10.12;297,58
08.10.12;295,43
09.10.12;291,67
10.10.12;290,55
11.10.12;287,79
12.10.12;284,11
15.10.12;282,35
16.10.12;282,33
17.10.12;285,1
18.10.12;288,66
19.10.12;283,69
22.10.12;282,41
23.10.12;279,56
24.10.12;279,02
25.10.12;278,09
26.10.12;279,5
31.10.12;279,09
01.11.12;282,47
02.11.12;280,54
05.11.12;279,57
06.11.12;279,64
07.11.12;272,14
08.11.12;269,27
09.11.12;270,43
12.11.12;271,7
13.11.12;271,8
14.11.12;269,81
15.11.12;266,91
16.11.12;265,31
19.11.12;271,48
20.11.12;270,8
21.11.12;272,32
23.11.12;276,3
26.11.12;273,6
27.11.12;271,61
28.11.12;273,05
29.11.12;275,4
30.11.12;276,65
03.12.12;276,79
04.12.12;274,81
05.12.12;275,5
06.12.12;275,28
07.12.12;275,69
10.12.12;274,66
11.12.12;277,4
12.12.12;280,28
13.12.12;278,95
14.12.12;277,09
17.12.12;278,02
18.12.12;278,26
19.12.12;274,97
20.12.12;277,17
21.12.12;274,1
24.12.12;274,32
26.12.12;274,23
27.12.12;273,94
28.12.12;271,04
31.12.12;274,13
02.01.13;282,85
03.01.13;282,13
04.01.13;283,88
07.01.13;285,49
08.01.13;280,63
09.01.13;279,93
10.01.13;282,18
11.01.13;281,1
14.01.13;278,12
15.01.13;275,51
16.01.13;272,32
17.01.13;273,62
18.01.13;275,74
22.01.13;277,65
23.01.13;278,09
24.01.13;277,27
25.01.13;278,26
28.01.13;278,85
29.01.13;282,8
30.01.13;281,73
31.01.13;282,97
01.02.13;288,31
04.02.13;286,87
05.02.13;287,44
06.02.13;288,25
07.02.13;287,14
08.02.13;287,22
11.02.13;286,97
12.02.13;288,78
13.02.13;287,92
14.02.13;282,07
15.02.13;283,02
19.02.13;284,82
20.02.13;284,24
21.02.13;284,75
22.02.13;287,02
25.02.13;285,06
26.02.13;287,26
27.02.13;289,79
28.02.13;290,22
01.03.13;291,28
04.03.13;293,36
05.03.13;296,25
06.03.13;294,47
07.03.13;295,03
08.03.13;297,17
11.03.13;296,45
12.03.13;298,08
13.03.13;296,8
14.03.13;298,97
15.03.13;295,77
18.03.13;296,07
19.03.13;296,85
20.03.13;296,55
21.03.13;296,69
22.03.13;298,87
25.03.13;298,54
26.03.13;300,78
27.03.13;299
28.03.13;300,05
01.04.13;302,4
02.04.13;304,64
03.04.13;302,05
04.04.13;306
05.04.13;307,25
08.04.13;308,71
09.04.13;309,33
10.04.13;312,64
11.04.13;315,68
12.04.13;316,51
15.04.13;314,72
16.04.13;315,04
17.04.13;311,69
18.04.13;315
19.04.13;320,25
22.04.13;321,95
23.04.13;323,61
24.04.13;314,08
25.04.13;319,37
26.04.13;318,68
29.04.13;319,57
30.04.13;320,98
01.05.13;317,99
02.05.13;318,29
03.05.13;318,03
06.05.13;315,75
07.05.13;319,39
08.05.13;321,77
09.05.13;318,72
10.05.13;319,51
13.05.13;316,87
14.05.13;319,69
15.05.13;321,89
16.05.13;320
17.05.13;320,82
20.05.13;318,26
21.05.13;315,84
22.05.13;312,19
23.05.13;313,8
24.05.13;312,83
28.05.13;308,86
29.05.13;304,27
30.05.13;301,61
31.05.13;297,34
03.06.13;297,95
04.06.13;300,73
05.06.13;297,83
06.06.13;304,37
07.06.13;303,18
10.06.13;305,73
11.06.13;304,33
12.06.13;302,97
13.06.13;307,93
14.06.13;307,49
17.06.13;305,7
18.06.13;309,63
19.06.13;301,16
20.06.13;294,25
21.06.13;295,99
24.06.13;294,37
25.06.13;300,32
26.06.13;302,51
27.06.13;305,28
28.06.13;303,05
01.07.13;302,69
02.07.13;304,32
03.07.13;305,71
05.07.13;307,17
08.07.13;308,84
09.07.13;308,32
10.07.13;307,1
11.07.13;311,39
12.07.13;309,56
15.07.13;307,42
16.07.13;309,37
17.07.13;310,77
18.07.13;307,96
19.07.13;308,41
22.07.13;308,25
23.07.13;309,38
24.07.13;307,62
25.07.13;307,87
26.07.13;309,22
29.07.13;311,41
30.07.13;306,75
31.07.13;303,67
01.08.13;306,99
02.08.13;307,67
05.08.13;307,52
06.08.13;306,27
07.08.13;306,19
08.08.13;303,12
09.08.13;300,09
12.08.13;301,28
13.08.13;299,27
14.08.13;298,82
15.08.13;296,18
16.08.13;293,14
19.08.13;290,79
20.08.13;292,22
21.08.13;288,84
22.08.13;289,81
23.08.13;293,99
26.08.13;290,21
27.08.13;289,69
28.08.13;288,15
29.08.13;291,51
30.08.13;291,1
03.09.13;285,75
04.09.13;289,62
05.09.13;287,24
06.09.13;287,01
09.09.13;287,59
10.09.13;290,81
11.09.13;290,89
12.09.13;293,9
13.09.13;294,33
16.09.13;296,73
17.09.13;298,22
18.09.13;299,54
19.09.13;298,63
20.09.13;294,4
23.09.13;294,57
24.09.13;292,3
25.09.13;291,54
26.09.13;294,31
27.09.13;291,45
30.09.13;289,72
01.10.13;291,6
02.10.13;290,47
03.10.13;289,29
04.10.13;289,89
07.10.13;291,68
08.10.13;287,83
09.10.13;291,46
10.10.13;295,52
11.10.13;296,46
14.10.13;294,47
15.10.13;292,32
16.10.13;297,4
17.10.13;303,06
18.10.13;306,06
21.10.13;309,63
22.10.13;311,26
23.10.13;310,43
24.10.13;307,37
25.10.13;310,38
28.10.13;311,76
29.10.13;316,26
30.10.13;314,69
31.10.13;314,43
01.11.13;314,18
04.11.13;316,58
05.11.13;310,47
06.11.13;313,43
07.11.13;307,83
08.11.13;307,7
11.11.13;306,71
12.11.13;307,66
13.11.13;307,07
14.11.13;308,53
15.11.13;310,1
18.11.13;311,99
19.11.13;312,33
20.11.13;309,64
21.11.13;308,95
22.11.13;308,72
25.11.13;307,88
26.11.13;307,75
27.11.13;308,09
29.11.13;306,41
02.12.13;303,79
03.12.13;304,44
04.12.13;303,43
05.12.13;300,61
06.12.13;303,65
09.12.13;304,75
10.12.13;302,29
11.12.13;298,3
12.12.13;297,2
13.12.13;296,28
16.12.13;298,14
17.12.13;295,7
18.12.13;300,39
19.12.13;300,58
20.12.13;298,73
23.12.13;301,78
24.12.13;304,07
26.12.13;305,56
27.12.13;305,68
30.12.13;305,81
31.12.13;305,57
02.01.14;303,8
03.01.14;301,71
06.01.14;303,08
07.01.14;304,73
08.01.14;302,78
09.01.14;297,06
10.01.14;298,22
13.01.14;294,93
14.01.14;296,16
15.01.14;300,53
16.01.14;301,74
17.01.14;300,12
21.01.14;297,97
22.01.14;295,8
23.01.14;298,81
24.01.14;295,86
27.01.14;296,27
28.01.14;296,31
29.01.14;294,98
30.01.14;295,57
31.01.14;295,97
03.02.14;285,07
04.02.14;288,3
05.02.14;286,48
06.02.14;286,65
07.02.14;288,71
10.02.14;289,83
11.02.14;293,44
12.02.14;294,18
13.02.14;297,08
14.02.14;293,88
18.02.14;291,2
19.02.14;292,61
20.02.14;298,4
21.02.14;294,27
24.02.14;290,43
25.02.14;289,73
26.02.14;288,88
27.02.14;293,65
28.02.14;292,88
03.03.14;291,69
04.03.14;294,93
05.03.14;293,39
06.03.14;294,47
07.03.14;294,37
10.03.14;293,55
11.03.14;291,48
12.03.14;290,9
13.03.14;289,83
14.03.14;290,66
17.03.14;293,1
18.03.14;295,04
19.03.14;293,83
20.03.14;301,1
21.03.14;301,04
24.03.14;302,05
25.03.14;303,87
26.03.14;302,97
27.03.14;306,63
28.03.14;306,4
31.03.14;307
01.04.14;307,78
02.04.14;309,22
03.04.14;311,33
04.04.14;310,77
07.04.14;310,66
08.04.14;313,73
09.04.14;311,5
10.04.14;310,57
11.04.14;309,49
14.04.14;311,17
15.04.14;311,52
16.04.14;314,27
17.04.14;315,44
21.04.14;316,78
22.04.14;317,48
23.04.14;310,65
24.04.14;305,31
25.04.14;304,14
28.04.14;308,54
29.04.14;310,61
30.04.14;311,73
01.05.14;312,84
02.05.14;312,68
05.05.14;314,06
06.05.14;313,02
07.05.14;316,1
08.05.14;320,87
09.05.14;321,01
12.05.14;320,52
13.05.14;318,25
14.05.14;319,86
15.05.14;320,33
16.05.14;324,72
19.05.14;323,55
20.05.14;318,17
21.05.14;318,46
22.05.14;319,98
23.05.14;320,76
27.05.14;319,97
28.05.14;321,31
29.05.14;321,26
30.05.14;322,28
02.06.14;322,37
03.06.14;319,29
04.06.14;318,34
05.06.14;318,77
06.06.14;318,76
09.06.14;319,09
10.06.14;318,7
11.06.14;317,4
12.06.14;316,5
13.06.14;318,08
16.06.14;318,44
17.06.14;318,12
18.06.14;319,68
19.06.14;320,67
20.06.14;320,3
23.06.14;321,37
24.06.14;319,33
25.06.14;319,53
26.06.14;318,94
27.06.14;319,72
30.06.14;318,61
01.07.14;320,52
02.07.14;322
03.07.14;322,93
07.07.14;323,8
08.07.14;322,45
09.07.14;323,32
10.07.14;325,92
11.07.14;328,38
14.07.14;329,48
15.07.14;331,63
16.07.14;333,42
17.07.14;329,41
18.07.14;331,52
21.07.14;330,57
22.07.14;331,66
23.07.14;331,24
24.07.14;330,35
25.07.14;331,16
28.07.14;332,7
29.07.14;339,91
30.07.14;337,93
31.07.14;330,34
01.08.14;327,26
04.08.14;329,25
05.08.14;326,28
06.08.14;322,07
07.08.14;318,82
08.08.14;320,39
11.08.14;320,62
12.08.14;322,07
13.08.14;322,4
14.08.14;323,57
15.08.14;322,21
18.08.14;321,85
19.08.14;321
20.08.14;321,64
21.08.14;322,3
22.08.14;321
25.08.14;322,93
26.08.14;323,1
27.08.14;324,78
28.08.14;324,78
29.08.14;327,04
02.09.14;326,22
03.09.14;327,13
04.09.14;326,47
05.09.14;328,29
08.09.14;326,16
09.09.14;322,41
10.09.14;321,67
11.09.14;323,58
12.09.14;319,7
15.09.14;321,03
16.09.14;323,48
17.09.14;324,91
18.09.14;327,06
19.09.14;330,57
22.09.14;330,16
23.09.14;328,18
24.09.14;329,18
25.09.14;326,07
26.09.14;327,5
29.09.14;327,28
30.09.14;328,39
01.10.14;325,14
02.10.14;324,87
03.10.14;328,04
06.10.14;329,38
07.10.14;327,05
08.10.14;330,98
09.10.14;325,05
10.10.14;323,03
13.10.14;318,95
14.10.14;318,87
15.10.14;317,91
16.10.14;316,21
17.10.14;319,54
20.10.14;321,93
21.10.14;324,27
22.10.14;322,78
23.10.14;319,02
24.10.14;321,65
27.10.14;324,92
28.10.14;328,01
29.10.14;327,91
30.10.14;328,84
31.10.14;331,36
03.11.14;331,96
04.11.14;331,26
05.11.14;331,97
06.11.14;329,2
07.11.14;331,86
10.11.14;332,54
11.11.14;332,21
12.11.14;334,73
13.11.14;337,2
14.11.14;339,36
17.11.14;338,8
18.11.14;338,05
19.11.14;334,47
20.11.14;333,16
21.11.14;333,52
24.11.14;328,83
25.11.14;328,33
26.11.14;332,37
28.11.14;335,26
01.12.14;332,02
02.12.14;326,03
03.12.14;323,43
04.12.14;322,89
05.12.14;322,3
08.12.14;322,58
09.12.14;312,21
10.12.14;307,78
11.12.14;309,59
12.12.14;303,77
15.12.14;303,73
16.12.14;303,81
17.12.14;309,45
18.12.14;315,14
19.12.14;315,22
22.12.14;318,44
23.12.14;319,67
24.12.14;319,45
26.12.14;321,12
29.12.14;319,87
30.12.14;318,64
31.12.14;314,71
02.01.15;316,37
05.01.15;313,17
06.01.15;314,26
07.01.15;313,6
08.01.15;318,45
09.01.15;316,34
12.01.15;318,1
13.01.15;318,48
14.01.15;317,14
15.01.15;317,13
16.01.15;322,37
20.01.15;323,78
21.01.15;324,37
22.01.15;322,58
23.01.15;318,74
26.01.15;317,35
27.01.15;313,75
28.01.15;311,9
29.01.15;312,92
30.01.15;311,21
02.02.15;318,78
03.02.15;325,72
04.02.15;325,99
05.02.15;326,78
06.02.15;332,82
09.02.15;331,94
10.02.15;334,63
11.02.15;333,96
12.02.15;333,53
13.02.15;333,06
17.02.15;332,79
18.02.15;330,09
19.02.15;328,31
20.02.15;328,54
23.02.15;326,64
24.02.15;328,62
25.02.15;329,24
26.02.15;330,86
27.02.15;331,7
02.03.15;331,97
03.03.15;331,48
04.03.15;327,77
05.03.15;327,43
06.03.15;322,64
09.03.15;321,76
10.03.15;316,83
11.03.15;316,88
12.03.15;322,57
13.03.15;320,85
16.03.15;323,56
17.03.15;322,22
18.03.15;327,28
19.03.15;324,54
20.03.15;325,91
23.03.15;326,35
24.03.15;324,64
25.03.15;319,99
26.03.15;319,79
27.03.15;319,79
30.03.15;322,55
31.03.15;319,56
01.04.15;322,21
02.04.15;325,04
06.04.15;326,36
07.04.15;324,47
08.04.15;325,71
09.04.15;325,57
10.04.15;326,64
13.04.15;326,17
14.04.15;325,84
15.04.15;327,58
16.04.15;326,14
17.04.15;323,37
20.04.15;326,78
21.04.15;326,09
22.04.15;328,21
23.04.15;335,56
24.04.15;334,48
27.04.15;334,66
28.04.15;339,77
29.04.15;339,26
30.04.15;338,32
01.05.15;337,35
04.05.15;338,38
05.05.15;333,12
06.05.15;329,21
07.05.15;329,46
08.05.15;332,47
11.05.15;330,21
12.05.15;330,31
13.05.15;330,97
14.05.15;332,73
15.05.15;333,24
18.05.15;334,98
19.05.15;332,25
20.05.15;333,79
21.05.15;336,21
22.05.15;333,54
26.05.15;332,37
27.05.15;334,69
28.05.15;333,87
29.05.15;332,33
01.06.15;330,63
02.06.15;330,55
03.06.15;333,34
04.06.15;330,55
05.06.15;324,5
08.06.15;325,27
09.06.15;324,51
10.06.15;326,15
11.06.15;327,93
12.06.15;325,04
15.06.15;323
16.06.15;325,54
17.06.15;325,58
18.06.15;328,29
19.06.15;327,14
22.06.15;327,75
23.06.15;332,16
24.06.15;329,51
25.06.15;330,74
26.06.15;330,92
29.06.15;326,09
30.06.15;324,64
01.07.15;326,28
02.07.15;327,35
06.07.15;326,17
07.07.15;327,76
08.07.15;324,78
09.07.15;322,07
10.07.15;325,98
13.07.15;327,88
14.07.15;329,55
15.07.15;327,33
16.07.15;331,49
17.07.15;330,4
20.07.15;331,55
21.07.15;325,78
22.07.15;322,39
23.07.15;320,58
24.07.15;320,34
27.07.15;319,84
28.07.15;320,23
29.07.15;323,24
30.07.15;324,17
31.07.15;324,61
03.08.15;325,29
04.08.15;323,81
05.08.15;323,67
06.08.15;321,63
07.08.15;320,52
10.08.15;326,4
11.08.15;326,67
12.08.15;324,59
13.08.15;322,79
14.08.15;323,69
17.08.15;324,95
18.08.15;324,95
19.08.15;324,97
20.08.15;320,71
21.08.15;315,18
24.08.15;305,43
25.08.15;298,57
26.08.15;308,32
27.08.15;315,3
28.08.15;314,43
31.08.15;313,7
01.09.15;305,56
02.09.15;310,18
03.09.15;312,79
04.09.15;307,41
08.09.15;313,79
09.09.15;310,6
10.09.15;310,65
11.09.15;310,99
14.09.15;309,76
15.09.15;313,71
16.09.15;313,03
17.09.15;309,63
18.09.15;306,44
21.09.15;307,22
22.09.15;304,19
23.09.15;302,29
24.09.15;302,04
25.09.15;303,68
28.09.15;299,33
29.09.15;299,47
30.09.15;302,4
01.10.15;300,14
02.10.15;300,47
05.10.15;308,51
06.10.15;307,98
07.10.15;310,78
08.10.15;313,58
09.10.15;311,63
12.10.15;312,84
13.10.15;312,69
14.10.15;311,95
15.10.15;315,87
16.10.15;317,46
19.10.15;316,62
20.10.15;319,16
21.10.15;317,11
22.10.15;322,57
23.10.15;322,48
26.10.15;322,71
27.10.15;319,47
28.10.15;322,56
29.10.15;322,58
30.10.15;323,9
02.11.15;324,41
03.11.15;323,05
04.11.15;321,19
05.11.15;320,86
06.11.15;318,65
09.11.15;315,93
10.11.15;314,96
11.11.15;316,1
12.11.15;313,29
13.11.15;309,44
16.11.15;315,93
17.11.15;316,89
18.11.15;319,3
19.11.15;320,9
20.11.15;319,68
23.11.15;317,58
24.11.15;317,81
25.11.15;317,14
27.11.15;318,7
30.11.15;319,82
01.12.15;321,23
02.12.15;317,75
03.12.15;314,44
04.12.15;322,85
07.12.15;324,72
08.12.15;321,63
09.12.15;319,19
10.12.15;319,45
11.12.15;314,63
14.12.15;318,01
15.12.15;319,83
16.12.15;326,34
17.12.15;323,01
18.12.15;318,86
21.12.15;322,4
22.12.15;325,4
23.12.15;329,83
24.12.15;328,52
28.12.15;328,98
29.12.15;331,26
30.12.15;328,65
31.12.15;325,41
04.01.16;323,75
05.01.16;326,93
06.01.16;325,18
07.01.16;321,09
08.01.16;319,59
11.01.16;322,12
12.01.16;320,82
13.01.16;317,02
14.01.16;322,61
15.01.16;319,08
19.01.16;322,87
20.01.16;317,67
21.01.16;325,34
22.01.16;333,05
25.01.16;331,96
26.01.16;338,36
27.01.16;341,15
28.01.16;341,36
29.01.16;347,43
01.02.16;350,66
02.02.16;346,66
03.02.16;352,38
04.02.16;351,9
05.02.16;354,59
08.02.16;353,25
09.02.16;349,29
10.02.16;347,81
11.02.16;346,13
12.02.16;350,35
16.02.16;352,02
17.02.16;352,95
18.02.16;356,69
19.02.16;354,11
22.02.16;356,45
23.02.16;354,54
24.02.16;357,44
25.02.16;359,75
26.02.16;358,45
29.02.16;356,78
01.03.16;361,57
02.03.16;365,63
03.03.16;366,64
04.03.16;365,95
07.03.16;368,42
08.03.16;368,55
09.03.16;367,55
10.03.16;369,25
11.03.16;370,48
14.03.16;370,3
15.03.16;371
16.03.16;374,61
17.03.16;377,22
18.03.16;373,59
21.03.16;375,73
22.03.16;373,68
23.03.16;371,83
24.03.16;375,6
28.03.16;376
29.03.16;380,32
30.03.16;380,26
31.03.16;379,45
01.04.16;378,71
04.04.16;381,3
05.04.16;379
06.04.16;379,08
07.04.16;373,64
08.04.16;373,83
11.04.16;371,59
12.04.16;374,2
13.04.16;370,46
14.04.16;371,4
15.04.16;371,87
18.04.16;373,87
19.04.16;376,7
20.04.16;374,73
21.04.16;364,49
22.04.16;367,27
25.04.16;368,4
26.04.16;367,12
27.04.16;374,05
28.04.16;371,44
29.04.16;371,45
02.05.16;374,06
03.05.16;370,47
04.05.16;371,03
05.05.16;368,96
06.05.16;371,44
09.05.16;370,46
10.05.16;374,73
11.05.16;372,66
12.05.16;375,35
13.05.16;371,35
16.05.16;372,97
17.05.16;370,75
18.05.16;365,74
19.05.16;363,25
20.05.16;363,6
23.05.16;361,13
24.05.16;363,89
25.05.16;365,33
26.05.16;367,43
27.05.16;369,7
31.05.16;371,54
01.06.16;367,76
02.06.16;369,62
03.06.16;371,79
06.06.16;371,64
07.06.16;377,18
08.06.16;376,68
09.06.16;378,96
10.06.16;382,14
13.06.16;380,8
14.06.16;382,86
15.06.16;382,19
16.06.16;385,28
17.06.16;387,57
20.06.16;387,91
21.06.16;390,64
22.06.16;391,31
23.06.16;396,48
24.06.16;392,83
27.06.16;395,13
28.06.16;396,25
29.06.16;400,12
30.06.16;406,25
01.07.16;408,97
05.07.16;408,87
06.07.16;411,14
07.07.16;404,55
08.07.16;408,42
11.07.16;408,09
12.07.16;406,77
13.07.16;409,8
14.07.16;410,44
15.07.16;411,09
18.07.16;411,06
19.07.16;409,56
20.07.16;409,22
21.07.16;407,43
22.07.16;412,84
25.07.16;411,09
26.07.16;404,96
27.07.16;407,61
28.07.16;404,95
29.07.16;410,36
01.08.16;406,45
02.08.16;404,22
03.08.16;403,85
04.08.16;403,58
05.08.16;402,89
08.08.16;402,05
09.08.16;402,97
10.08.16;404,05
11.08.16;405,1
12.08.16;403,62
15.08.16;402,3
16.08.16;394,07
17.08.16;394,66
18.08.16;391,5
19.08.16;388,14
22.08.16;388,02
23.08.16;388,18
24.08.16;388,04
25.08.16;389,64
26.08.16;385,43
29.08.16;388,43
30.08.16;387,17
31.08.16;387,09
01.09.16;388,14
02.09.16;389,3
06.09.16;392,83
07.09.16;393,79
08.09.16;393,06
09.09.16;379,61
12.09.16;387,18
13.09.16;379,55
14.09.16;379,14
15.09.16;383,28
16.09.16;381,64
19.09.16;379,01
20.09.16;378,32
21.09.16;383,19
22.09.16;387,52
23.09.16;388,95
26.09.16;386,85
27.09.16;389,45
28.09.16;385,41
29.09.16;384,65
30.09.16;383,51
03.10.16;383,89
04.10.16;377,48
05.10.16;374,85
06.10.16;374,54
07.10.16;372,88
10.10.16;374,43
11.10.16;373,7
12.10.16;375,9
13.10.16;375,93
14.10.16;375,34
17.10.16;376,03
18.10.16;376,56
19.10.16;377,27
20.10.16;369,68
21.10.16;361,08
24.10.16;358,21
25.10.16;356,21
26.10.16;354,14
27.10.16;359,86
28.10.16;358,87
31.10.16;358,7
01.11.16;354,99
02.11.16;350,67
03.11.16;350,55
04.11.16;350,65
07.11.16;353,66
08.11.16;355,91
09.11.16;358,99
10.11.16;350,63
11.11.16;350,31
14.11.16;347,24
15.11.16;354,53
16.11.16;358,22
17.11.16;358,99
18.11.16;360,9
21.11.16;363,22
22.11.16;370,76
23.11.16;373,88
25.11.16;377,83
28.11.16;380,89
29.11.16;379,7
30.11.16;371,65
01.12.16;372,75
02.12.16;371,45
05.12.16;371,49
06.12.16;376,92
07.12.16;385,83
08.12.16;384,74
09.12.16;385,71
12.12.16;389,89
13.12.16;393,46
14.12.16;389,46
15.12.16;392,04
16.12.16;394,55
19.12.16;398,78
20.12.16;401,02
21.12.16;399,54
22.12.16;403,62
23.12.16;404
27.12.16;403,55
28.12.16;402,17
29.12.16;403,8
30.12.16;401,83
03.01.17;409,47
04.01.17;408,26
05.01.17;408,07
06.01.17;401,38
09.01.17;396,83
10.01.17;397,04
11.01.17;395,1
12.01.17;397,6
13.01.17;397,02
17.01.17;398,54
18.01.17;395,46
19.01.17;396,73
20.01.17;400,15
23.01.17;402,06
24.01.17;391,31
25.01.17;390,41
26.01.17;390,5
27.01.17;393,18
30.01.17;391,34
31.01.17;391,88
01.02.17;389,08
02.02.17;384,22
03.02.17;385,7
06.02.17;382,6
07.02.17;382,75
08.02.17;383,95
09.02.17;385,85
10.02.17;386,83
13.02.17;381,97
14.02.17;381,54
15.02.17;382,55
16.02.17;384,31
17.02.17;387,78
21.02.17;390,09
22.02.17;390,32
23.02.17;394,08
24.02.17;396,9
27.02.17;392,08
28.02.17;390,36
01.03.17;392,38
02.03.17;392,59
03.03.17;392,66
06.03.17;391,82
07.03.17;388,95
08.03.17;387,34
09.03.17;388,9
10.03.17;391,5
13.03.17;392,21
14.03.17;390,29
15.03.17;395,61
16.03.17;394,35
17.03.17;396,5
20.03.17;395,07
21.03.17;392,92
22.03.17;388,9
23.03.17;388,58
24.03.17;388,93
27.03.17;386,11
28.03.17;386,92
29.03.17;386,25
30.03.17;387,81
31.03.17;385,87
03.04.17;387,41
04.04.17;388,68
05.04.17;387,04
06.04.17;385,15
07.04.17;385,9
10.04.17;384,71
11.04.17;384,93
12.04.17;387,11
13.04.17;384,72
17.04.17;385,59
18.04.17;386,5
19.04.17;385,77
20.04.17;384,75
21.04.17;378,69
24.04.17;378,55
25.04.17;377,41
26.04.17;382,04
27.04.17;377,08
28.04.17;373,11
01.05.17;370,18
02.05.17;370
03.05.17;367,62
04.05.17;363,44
05.05.17;368,73
08.05.17;369,54
09.05.17;367,3
10.05.17;368,38
11.05.17;366,6
12.05.17;366,38
15.05.17;365,5
16.05.17;363,28
17.05.17;356,74
18.05.17;361,04
19.05.17;363,98
22.05.17;364,28
23.05.17;364,77
24.05.17;362,34
25.05.17;363,62
26.05.17;363
30.05.17;368,15
31.05.17;369,45
01.06.17;371,91
02.06.17;371,69
05.06.17;371,15
06.06.17;371
07.06.17;371,33
08.06.17;369,19
09.06.17;372,42
12.06.17;375,77
13.06.17;371,9
14.06.17;372,94
15.06.17;373,12
16.06.17;372,72
19.06.17;371,98
20.06.17;368,14
21.06.17;363,66
22.06.17;363,36
23.06.17;362,59
26.06.17;364,85
27.06.17;359,64
28.06.17;361,09
29.06.17;357,54
30.06.17;358,68
03.07.17;361,78
05.07.17;360,48
06.07.17;356,55
07.07.17;355,18
10.07.17;353,39
11.07.17;351,03
12.07.17;352,7
13.07.17;350,7
14.07.17;351,56
17.07.17;352,27
18.07.17;348,82
19.07.17;350,11
20.07.17;355,06
21.07.17;355,15
24.07.17;351,53
25.07.17;352,55
26.07.17;362,98
27.07.17;381,86
28.07.17;379,96
31.07.17;381,5
01.08.17;382,64
02.08.17;377,55
03.08.17;377,89
04.08.17;379,67
07.08.17;379,87
08.08.17;377,82
09.08.17;376,51
10.08.17;374,87
11.08.17;374,53
14.08.17;379,18
15.08.17;375,37
16.08.17;375,77
17.08.17;369,67
18.08.17;367,68
21.08.17;370,27
22.08.17;373,56
23.08.17;373,39
24.08.17;372,03
25.08.17;374,95
28.08.17;374,87
29.08.17;374,01
30.08.17;371,63
31.08.17;369,97
01.09.17;370,15
05.09.17;365,92
06.09.17;361,42
07.09.17;353,91
08.09.17;353,46
11.09.17;354,68
12.09.17;359,54
13.09.17;362,24
14.09.17;360,8
15.09.17;367,21
18.09.17;369,07
19.09.17;377,37
20.09.17;379,05
21.09.17;376,06
22.09.17;381,15
25.09.17;384,43
26.09.17;381,15
27.09.17;381,36
28.09.17;382,3
29.09.17;382,98
02.10.17;382,59
03.10.17;386,8
04.10.17;386,99
05.10.17;386,55
06.10.17;383,16
09.10.17;382,56
10.10.17;384,06
11.10.17;381,49
12.10.17;367,98
13.10.17;365,39
16.10.17;368,2
17.10.17;368,97
18.10.17;366,84
19.10.17;368,53
20.10.17;369,3
23.10.17;365,75
24.10.17;363,52
25.10.17;355,24
26.10.17;357,06
27.10.17;357,65
30.10.17;352,61
31.10.17;353,8
01.11.17;352,21
02.11.17;348,66
03.11.17;348,3
06.11.17;339,78
07.11.17;340,64
08.11.17;342,2
09.11.17;343,12
10.11.17;343,6
13.11.17;342,78
14.11.17;337,87
15.11.17;338,27
16.11.17;344,18
17.11.17;346,4
20.11.17;349,75
21.11.17;347,86
22.11.17;353,65
24.11.17;353,07
27.11.17;354,45
28.11.17;362,32
29.11.17;372,22
30.11.17;375,14
01.12.17;376,77
04.12.17;382,78
05.12.17;375,96
06.12.17;372,41
07.12.17;372,04
08.12.17;377,71
11.12.17;382,15
12.12.17;392,86
13.12.17;392,38
14.12.17;388,71
15.12.17;392,85
18.12.17;396,61
19.12.17;392,76
20.12.17;394,93
21.12.17;397,73
22.12.17;398,47
26.12.17;399,29
27.12.17;398,38
28.12.17;400,44
29.12.17;396,8
02.01.18;397,71
03.01.18;389,05
04.01.18;391,35
05.01.18;391,69
08.01.18;392,14
09.01.18;389,58
10.01.18;386,08
11.01.18;386,8
12.01.18;388,04
16.01.18;386,38
17.01.18;387,34
18.01.18;388,25
19.01.18;389,79
22.01.18;398,94
23.01.18;394,3
24.01.18;396,9
25.01.18;399,72
26.01.18;403,52
29.01.18;398,37
30.01.18;398,33
31.01.18;398,98
01.02.18;408,85
02.02.18;398,37
05.02.18;381,43
06.02.18;383,85
07.02.18;384,99
08.02.18;370,3
09.02.18;375,55
12.02.18;378,67
13.02.18;380,15
14.02.18;377,48
15.02.18;382,65
16.02.18;384,65
20.02.18;378,05
21.02.18;371,83
22.02.18;372,42
23.02.18;375,38
26.02.18;382,2
27.02.18;375,19
28.02.18;370,82
01.03.18;369,79
02.03.18;373,07
05.03.18;376,87
06.03.18;378,57
07.03.18;378,46
08.03.18;380,05
09.03.18;379,83
12.03.18;380,78
13.03.18;380,15
14.03.18;377,26
15.03.18;376,46
16.03.18;377,33
19.03.18;373,89
20.03.18;370,11
21.03.18;366,98
22.03.18;361,83
23.03.18;356,05
26.03.18;359,3
27.03.18;361,17
28.03.18;367,09
29.03.18;367,11
02.04.18;361,82
03.04.18;364,6
04.04.18;369,3
05.04.18;371,91
06.04.18;366,46
09.04.18;366,86
10.04.18;375,35
11.04.18;369,76
12.04.18;369,67
13.04.18;369,11
16.04.18;374,6
17.04.18;374,98
18.04.18;373,31
19.04.18;370,38
20.04.18;367,95
23.04.18;371,91
24.04.18;376,25
25.04.18;379,31
26.04.18;367,02
27.04.18;373,45
30.04.18;363,5
01.05.18;360,7
02.05.18;354,37
03.05.18;353,7
04.05.18;356,35
07.05.18;354,18
08.05.18;349,57
09.05.18;345,64
10.05.18;352,23
11.05.18;359,6
14.05.18;358,31
15.05.18;355,4
16.05.18;356,67
17.05.18;354,67
18.05.18;354,95
21.05.18;360,24
22.05.18;360,76
23.05.18;359,21
24.05.18;361,36
25.05.18;359,22
29.05.18;357,17
30.05.18;359,93
31.05.18;355,23
01.06.18;356,57
04.06.18;356,2
05.06.18;357,99
06.06.18;363,39
07.06.18;367,82
08.06.18;368,56
11.06.18;371
12.06.18;370,24
13.06.18;353,62
14.06.18;357,1
15.06.18;361,29
18.06.18;354,18
19.06.18;359,19
20.06.18;355,71
21.06.18;355,08
22.06.18;359,43
25.06.18;359,15
26.06.18;357,62
27.06.18;357,75
28.06.18;365,97
29.06.18;363,66
02.07.18;364,51
03.07.18;368,74
05.07.18;370,22
06.07.18;371,56
09.07.18;371,07
10.07.18;375,27
11.07.18;371,36
12.07.18;373,28
13.07.18;370,49
16.07.18;372,21
17.07.18;370,88
18.07.18;369,54
19.07.18;365,46
20.07.18;363,67
23.07.18;363,56
24.07.18;369,96
25.07.18;359,29
26.07.18;360,87
27.07.18;367,85
30.07.18;375,01
31.07.18;372,12
01.08.18;371,86
02.08.18;372,52
03.08.18;376,01
06.08.18;375,67
07.08.18;377,24
08.08.18;377,73
09.08.18;381,43
10.08.18;378,62
13.08.18;377,89
14.08.18;380,6
15.08.18;383,25
16.08.18;390,95
17.08.18;392,45
20.08.18;392,75
21.08.18;395,39
22.08.18;387,42
23.08.18;387,08
24.08.18;389,57
27.08.18;391
28.08.18;389,11
29.08.18;386,16
30.08.18;385,09
31.08.18;383,46
04.09.18;379,19
05.09.18;382,33
06.09.18;385,1
07.09.18;383,74
10.09.18;385,61
11.09.18;389,78
12.09.18;395,33
13.09.18;396,51
14.09.18;394,82
17.09.18;395,47
18.09.18;395,32
19.09.18;390
20.09.18;391,77
21.09.18;395,6
24.09.18;396,41
25.09.18;396,77
26.09.18;398,19
27.09.18;401,38
28.09.18;399,8
01.10.18;399,37
02.10.18;399,93
03.10.18;401,04
04.10.18;395,1
05.10.18;390,99
08.10.18;390,42
09.10.18;390,71
10.10.18;375,32
11.10.18;372,15
12.10.18;379,89
15.10.18;378,27
16.10.18;387,13
17.10.18;389,13
18.10.18;381,97
19.10.18;382,61
22.10.18;382,46
23.10.18;384
24.10.18;365,28
25.10.18;375,01
26.10.18;366
29.10.18;360,09
30.10.18;369,07
31.10.18;376,81
01.11.18;377,35
02.11.18;374,27
05.11.18;373,1
06.11.18;375,35
07.11.18;382,59
08.11.18;379,03
09.11.18;373,55
12.11.18;368,03
13.11.18;367,04
14.11.18;368,72
15.11.18;371,01
16.11.18;369,57
19.11.18;359,99
20.11.18;355,45
21.11.18;358,99
23.11.18;354,8
26.11.18;361,63
27.11.18;363,68
28.11.18;371,4
29.11.18;372,74
30.11.18;374,36
03.12.18;374,65
04.12.18;362,88
06.12.18;366,64
07.12.18;359,2
10.12.18;361,89
11.12.18;362,43
12.12.18;365,4
13.12.18;364,75
14.12.18;361,02
17.12.18;354,16
18.12.18;356,34
19.12.18;350,25
20.12.18;344,54
21.12.18;333,95
24.12.18;327,14
26.12.18;344,79
27.12.18;346,61
28.12.18;345,95
31.12.18;347,08
02.01.19;351,43
03.01.19;346,34
04.01.19;360,42
07.01.19;363,16
08.01.19;368,9
09.01.19;368,6
10.01.19;369,32
11.01.19;368,82
14.01.19;367,32
15.01.19;373,72
16.01.19;372,2
17.01.19;373,61
18.01.19;375,55
22.01.19;368,21
23.01.19;369,13
24.01.19;369,22
25.01.19;372,97
28.01.19;368,69
29.01.19;364,78
30.01.19;369,26
31.01.19;383,06
01.02.19;381,77
04.02.19;385,41
05.02.19;388,91
06.02.19;383,11
07.02.19;379,18
08.02.19;380,5
11.02.19;378,12
12.02.19;382,43
13.02.19;382,04
14.02.19;382,85
15.02.19;384,4
19.02.19;385,58
20.02.19;385,31
21.02.19;382,9
22.02.19;386,91
25.02.19;387,24
26.02.19;387,72
27.02.19;386,23
28.02.19;386,21
01.03.19;389,22
04.03.19;389,33
05.03.19;392,17
06.03.19;392,1
07.03.19;388,93
08.03.19;388,74
11.03.19;396,03
12.03.19;398,26
13.03.19;399,26
14.03.19;397,7
15.03.19;397,73
18.03.19;394,57
19.03.19;394,47
20.03.19;399,06
21.03.19;402,62
22.03.19;397,5
25.03.19;396,76
26.03.19;398,54
27.03.19;396,44
28.03.19;394,45
29.03.19;395,58
01.04.19;401,33
02.04.19;403,09
03.04.19;404,57
04.04.19;407,26
05.04.19;407,41
08.04.19;406,77
09.04.19;407,9
10.04.19;409,15
11.04.19;409,73
12.04.19;414,77
15.04.19;415,51
16.04.19;416,38
17.04.19;417,01
18.04.19;417,59
22.04.19;420,62
23.04.19;424,21
24.04.19;421,03
25.04.19;425,59
26.04.19;428,85
29.04.19;432,49
30.04.19;421,41
01.05.19;418,59
02.05.19;416,48
03.05.19;421,31
06.05.19;420,53
07.05.19;414,83
08.05.19;413,35
09.05.19;412,58
10.05.19;413,47
13.05.19;403,06
14.05.19;404,03
15.05.19;412,55
16.05.19;416,54
17.05.19;414,56
20.05.19;409,72
21.05.19;413,63
22.05.19;413,76
23.05.19;408,56