30.04.09;248,55
01.05.09;251,29
04.05.09;259,36
05.05.09;259,78
06.05.09;264,37
07.05.09;260,32
08.05.09;268,99
11.05.09;261,66
12.05.09;258,47
13.05.09;248,3
14.05.09;250,5
15.05.09;249,13
18.05.09;257,13
19.05.09;257,49
20.05.09;257,6
21.05.09;248,93
22.05.09;248,36
26.05.09;255,71
27.05.09;249,58
28.05.09;251,5
29.05.09;256,2
01.06.09;268,14
02.06.09;269,29
03.06.09;264
04.06.09;268,72
05.06.09;270,85
08.06.09;270,47
09.06.09;270,15
10.06.09;268,51
11.06.09;268,33
12.06.09;268,87
15.06.09;260,43
16.06.09;256,48
17.06.09;254,29
18.06.09;254,19
19.06.09;254,16
22.06.09;245,1
23.06.09;244,47
24.06.09;245,09
25.06.09;252,41
26.06.09;251,71
29.06.09;253,73
30.06.09;250,74
01.07.09;252,28
02.07.09;243,78
06.07.09;244,07
07.07.09;235,99
08.07.09;235,25
09.07.09;236,54
10.07.09;237,25
13.07.09;243,63
14.07.09;246,54
15.07.09;254,82
16.07.09;259,41
17.07.09;255,54
20.07.09;260,87
21.07.09;260,01
22.07.09;260,85
23.07.09;267,07
24.07.09;266,81
27.07.09;268,8
28.07.09;268,57
29.07.09;266,78
30.07.09;272,8
31.07.09;274,08
03.08.09;279,71
04.08.09;281,16
05.08.09;279,39
06.08.09;281,04
07.08.09;288,15
10.08.09;284,92
11.08.09;281,25
12.08.09;286,19
13.08.09;286,82
14.08.09;282,52
17.08.09;274,38
18.08.09;278,25
19.08.09;278,3
20.08.09;281,88
21.08.09;289,02
24.08.09;289,37
25.08.09;291,25
26.08.09;288,58
27.08.09;291,15
28.08.09;289,84
31.08.09;286,48
01.09.09;281,04
02.09.09;279,65
03.09.09;283,81
04.09.09;289,47
08.09.09;293,16
09.09.09;297,71
10.09.09;300,4
11.09.09;301,72
14.09.09;305,29
15.09.09;309,06
16.09.09;313,93
17.09.09;313,76
18.09.09;313,72
21.09.09;312,11
22.09.09;314,84
23.09.09;311,87
24.09.09;307,41
25.09.09;304,09
28.09.09;309,07
29.09.09;308,55
30.09.09;305,87
01.10.09;297,98
02.10.09;293,7
05.10.09;299,17
06.10.09;302,45
07.10.09;301,68
08.10.09;305,32
09.10.09;306,9
12.10.09;306,71
13.10.09;306,58
14.10.09;314,64
15.10.09;315,58
16.10.09;312,77
19.10.09;315,6
20.10.09;313,35
21.10.09;310,61
22.10.09;313,14
23.10.09;307,8
26.10.09;304,65
27.10.09;301,48
28.10.09;294,92
29.10.09;300,77
30.10.09;291,78
02.11.09;294,59
03.11.09;298,82
04.11.09;298,51
05.11.09;305,92
06.11.09;309,65
09.11.09;317,3
10.11.09;316,47
11.11.09;318,08
12.11.09;315,07
13.11.09;317,14
16.11.09;323,52
17.11.09;323,46
18.11.09;322,42
19.11.09;317,6
20.11.09;316,66
23.11.09;321,47
24.11.09;320,57
25.11.09;322,82
27.11.09;317,7
30.11.09;318,22
01.12.09;322,8
02.12.09;322,43
03.12.09;320,24
04.12.09;324,93
07.12.09;324,71
08.12.09;320,4
09.12.09;320,45
10.12.09;321,61
11.12.09;324,76
14.12.09;328,6
15.12.09;327,64
16.12.09;326,52
17.12.09;323,32
18.12.09;322,7
21.12.09;325,01
22.12.09;325,36
23.12.09;325,77
24.12.09;327,13
28.12.09;326,72
29.12.09;327,44
30.12.09;326,62
31.12.09;322,34
04.01.10;327,81
05.01.10;328,97
06.01.10;329,65
07.01.10;333,93
08.01.10;339,02
11.01.10;342,98
12.01.10;340,24
13.01.10;341,91
14.01.10;341,7
15.01.10;337,6
19.01.10;340,57
20.01.10;336,33
21.01.10;328,9
22.01.10;323,89
25.01.10;325,38
26.01.10;324,99
27.01.10;325,61
28.01.10;321,68
29.01.10;318,59
01.02.10;323,22
02.02.10;329,38
03.02.10;328,32
04.02.10;318,31
05.02.10;316,53
08.02.10;313,03
09.02.10;318,43
10.02.10;317,69
11.02.10;322,54
12.02.10;320,25
16.02.10;327,4
17.02.10;329,82
18.02.10;333,1
19.02.10;334,7
22.02.10;334,89
23.02.10;330,8
24.02.10;333,95
25.02.10;333,38
26.02.10;334,64
01.03.10;337,93
02.03.10;338,86
03.03.10;339,38
04.03.10;340,82
05.03.10;346,01
08.03.10;344,36
09.03.10;347,15
10.03.10;348,41
11.03.10;349,46
12.03.10;351,95
15.03.10;352,79
16.03.10;356,95
17.03.10;358,29
18.03.10;360,88
19.03.10;359,58
22.03.10;360,38
23.03.10;364,35
24.03.10;362,32
25.03.10;361,58
26.03.10;362,67
29.03.10;365,9
30.03.10;366,62
31.03.10;364,49
01.04.10;366,66
05.04.10;369,42
06.04.10;369,44
07.04.10;367,35
08.04.10;368,58
09.04.10;370,49
12.04.10;371,63
13.04.10;372,58
14.04.10;377,25
15.04.10;380,79
16.04.10;374,56
19.04.10;374,58
20.04.10;377,33
21.04.10;380,67
22.04.10;383,29
23.04.10;386
26.04.10;386,93
27.04.10;377
28.04.10;380,11
29.04.10;388,03
30.04.10;379,63
03.05.10;387,61
04.05.10;374,85
05.05.10;369,52
06.05.10;357,11
07.05.10;349,68
10.05.10;369,53
11.05.10;368,73
12.05.10;376,36
13.05.10;371,22
14.05.10;363,29
17.05.10;362,18
18.05.10;357,39
19.05.10;353,06
20.05.10;337
21.05.10;342,22
24.05.10;336,78
25.05.10;336,24
26.05.10;337,22
27.05.10;348,61
28.05.10;343,45
01.06.10;336,25
02.06.10;344,63
03.06.10;346,41
04.06.10;330,55
07.06.10;322,13
08.06.10;325,35
09.06.10;324,87
10.06.10;336,38
11.06.10;338,08
14.06.10;337,58
15.06.10;347,75
16.06.10;347,11
17.06.10;348,08
18.06.10;349,32
21.06.10;350,36
22.06.10;341,83
23.06.10;340,35
24.06.10;334,28
25.06.10;336,19
28.06.10;334,39
29.06.10;321,39
30.06.10;319,61
01.07.10;317,88
02.07.10;314,58
06.07.10;314,91
07.07.10;326,21
08.07.10;330,54
09.07.10;333,14
12.07.10;331,44
13.07.10;337,64
14.07.10;338,46
15.07.10;338,24
16.07.10;326,77
19.07.10;328,7
20.07.10;334,02
21.07.10;332,82
22.07.10;343,28
23.07.10;350,16
26.07.10;356,23
27.07.10;353,56
28.07.10;352,71
29.07.10;352,07
30.07.10;352,7
02.08.10;359,7
03.08.10;358,1
04.08.10;360,82
05.08.10;361,23
06.08.10;359,36
09.08.10;361,46
10.08.10;358,62
11.08.10;345,4
12.08.10;342,69
13.08.10;341,87
16.08.10;341,76
17.08.10;347,88
18.08.10;348,74
19.08.10;341,35
20.08.10;339,17
23.08.10;335,44
24.08.10;328,84
25.08.10;328,29
26.08.10;327,36
27.08.10;334,36
30.08.10;328,95
31.08.10;327,96
01.09.10;340,65
02.09.10;345,18
03.09.10;350,15
07.09.10;346,98
08.09.10;350,5
09.09.10;350,94
10.09.10;353,54
13.09.10;357,26
14.09.10;356,09
15.09.10;356,43
16.09.10;355,78
17.09.10;358,94
20.09.10;364,38
21.09.10;364,95
22.09.10;363,18
23.09.10;357,78
24.09.10;367,81
27.09.10;364,91
28.09.10;367
29.09.10;366,92
30.09.10;365,34
01.10.10;365,91
04.10.10;361,82
05.10.10;371,68
06.10.10;373,93
07.10.10;373,4
08.10.10;376,45
11.10.10;375,45
12.10.10;375,15
13.10.10;380,66
14.10.10;379,28
15.10.10;375,97
18.10.10;376,48
19.10.10;370,77
20.10.10;375,71
21.10.10;378,47
22.10.10;378,66
25.10.10;379,41
26.10.10;378,43
27.10.10;375,91
28.10.10;374,71
29.10.10;375
01.11.10;375,34
02.11.10;378,28
03.11.10;378,95
04.11.10;387,15
05.11.10;389,23
08.11.10;387,96
09.11.10;384,57
10.11.10;384,2
11.11.10;381,86
12.11.10;377,67
15.11.10;378,4
16.11.10;372,53
17.11.10;372,65
18.11.10;379,4
19.11.10;381,2
22.11.10;379,96
23.11.10;375,21
24.11.10;383,07
26.11.10;380,4
29.11.10;380,32
30.11.10;379,15
01.12.10;388,99
02.12.10;394,87
03.12.10;396,01
06.12.10;395,31
07.12.10;397,1
08.12.10;395,96
09.12.10;396,9
10.12.10;401
13.12.10;401,04
14.12.10;402,82
15.12.10;400,89
16.12.10;405,41
17.12.10;404,07
20.12.10;404,11
21.12.10;407,08
22.12.10;408,65
23.12.10;407,75
27.12.10;408,43
28.12.10;408,81
29.12.10;408,73
30.12.10;408,03
31.12.10;408,5
03.01.11;411,53
04.01.11;411,26
05.01.11;413,33
06.01.11;412,66
07.01.11;413,27
10.01.11;413,82
11.01.11;415,07
12.01.11;418,64
13.01.11;418,96
14.01.11;420,91
18.01.11;423,3
19.01.11;419,07
20.01.11;417,34
21.01.11;422,15
24.01.11;426,35
25.01.11;425,63
26.01.11;427,62
27.01.11;429,92
28.01.11;422,16
31.01.11;426,06
01.02.11;432,69
02.02.11;431,51
03.02.11;431,45
04.02.11;432,71
07.02.11;436,95
08.02.11;440,19
09.02.11;440,3
10.02.11;442,29
11.02.11;445,47
14.02.11;445,21
15.02.11;443,77
16.02.11;445,88
17.02.11;446,76
18.02.11;448,13
22.02.11;435,32
23.02.11;427,6
24.02.11;430,01
25.02.11;434,07
28.02.11;436,47
01.03.11;426,87
02.03.11;428,8
03.03.11;438,98
04.03.11;433,89
07.03.11;430,25
08.03.11;436,78
09.03.11;435,85
10.03.11;427,07
11.03.11;432,12
14.03.11;428,48
15.03.11;423,9
16.03.11;415,38
17.03.11;421,95
18.03.11;424,95
21.03.11;433,71
22.03.11;430,3
23.03.11;431,81
24.03.11;436,14
25.03.11;437,54
28.03.11;437,38
29.03.11;440,71
30.03.11;442,65
31.03.11;444,25
01.04.11;448,25
04.04.11;448,83
05.04.11;446,91
06.04.11;447,79
07.04.11;445,66
08.04.11;441,92
11.04.11;441,51
12.04.11;438,1
13.04.11;437,07
14.04.11;436,98
15.04.11;438,56
18.04.11;432,72
19.04.11;436,56
20.04.11;443,13
21.04.11;444,07
25.04.11;442,77
26.04.11;450,64
27.04.11;453,46
28.04.11;454,97
29.04.11;456,48
02.05.11;455,96
03.05.11;454,39
04.05.11;448,1
05.05.11;445,42
06.05.11;448,86
09.05.11;450,82
10.05.11;454,29
11.05.11;449,48
12.05.11;450
13.05.11;444,95
16.05.11;443,18
17.05.11;437,57
18.05.11;442,82
19.05.11;445,81
20.05.11;441,36
23.05.11;435,38
24.05.11;432,64
25.05.11;436,02
26.05.11;437,71
27.05.11;439,62
31.05.11;444,12
01.06.11;429,9
02.06.11;431,62
03.06.11;425,99
06.06.11;422,72
07.06.11;422,33
08.06.11;419,18
09.06.11;422,13
10.06.11;415,59
13.06.11;415,92
14.06.11;423,47
15.06.11;417,31
16.06.11;419,05
17.06.11;420,68
20.06.11;424,06
21.06.11;430,72
22.06.11;428,2
23.06.11;426,99
24.06.11;421,82
27.06.11;425,63
28.06.11;431,94
29.06.11;434,02
30.06.11;441,29
01.07.11;449,04
05.07.11;446,36
06.07.11;448,69
07.07.11;453,26
08.07.11;447,91
11.07.11;439,69
12.07.11;435,18
13.07.11;436,8
14.07.11;432,56
15.07.11;432,8
18.07.11;428,05
19.07.11;433,51
20.07.11;434,56
21.07.11;440,98
22.07.11;436,7
25.07.11;436,07
26.07.11;427,6
27.07.11;416,09
28.07.11;412,48
29.07.11;410,49
01.08.11;408,38
02.08.11;394,33
03.08.11;397,44
04.08.11;376,16
05.08.11;376,42
08.08.11;350,57
09.08.11;366,74
10.08.11;348,96
11.08.11;364,82
12.08.11;371,46
15.08.11;377,99
16.08.11;372,38
17.08.11;371,43
18.08.11;350,65
19.08.11;345,5
22.08.11;346,76
23.08.11;359,02
24.08.11;366,11
25.08.11;359,43
26.08.11;366,34
29.08.11;378,16
30.08.11;381,27
31.08.11;383,89
01.09.11;377,76
02.09.11;366,2
06.09.11;361,67
07.09.11;372,81
08.09.11;367,26
09.09.11;357,52
12.09.11;358,02
13.09.11;364,82
14.09.11;371,19
15.09.11;378,83
16.09.11;380,82
19.09.11;377,09
20.09.11;374,42
21.09.11;359,43
22.09.11;345,86
23.09.11;349,42
26.09.11;358,13
27.09.11;363,91
28.09.11;355,25
29.09.11;360,37
30.09.11;348,52
03.10.11;338,11
04.10.11;346,83
05.10.11;354,5
06.10.11;362,12
07.10.11;360,43
10.10.11;373,55
11.10.11;374,89
12.10.11;379,7
13.10.11;376,3
14.10.11;383,05
17.10.11;372,76
18.10.11;383,63
19.10.11;378,93
20.10.11;381,43
21.10.11;388,76
24.10.11;395,47
25.10.11;387,55
26.10.11;390,38
27.10.11;407,53
28.10.11;407,43
31.10.11;397,31
01.11.11;385,19
02.11.11;392,15
03.11.11;401,82
04.11.11;398,99
07.11.11;399,71
08.11.11;404,08
09.11.11;388,9
10.11.11;393,01
11.11.11;402,32
14.11.11;399,72
15.11.11;402,05
16.11.11;396,25
17.11.11;389,15
18.11.11;390,64
21.11.11;381,7
22.11.11;378,79
23.11.11;370,15
25.11.11;369,6
28.11.11;381,83
29.11.11;381,76
30.11.11;401,38
01.12.11;400,47
02.12.11;400,09
05.12.11;404,47
06.12.11;405,2
07.12.11;404,51
08.12.11;395,12
09.12.11;403,87
12.12.11;396,64
13.12.11;392,12
14.12.11;387,74
15.12.11;390,5
16.12.11;392,34
19.12.11;388,08
20.12.11;401,3
21.12.11;402,18
22.12.11;406,11
23.12.11;409,84
27.12.11;409,11
28.12.11;403,3
29.12.11;408,37
30.12.11;406,08
03.01.12;414,54
04.01.12;416,56
05.01.12;416,4
06.01.12;416,12
09.01.12;419,25
10.01.12;424,94
11.01.12;426,21
12.01.12;429,93
13.01.12;426,74
17.01.12;428,4
18.01.12;432,6
19.01.12;436,47
20.01.12;434,88
23.01.12;433,72
24.01.12;433,94
25.01.12;439,19
26.01.12;438,33
27.01.12;437,75
30.01.12;436,15
31.01.12;434,38
01.02.12;439,23
02.02.12;438,94
03.02.12;446,45
06.02.12;445,37
07.02.12;445,31
08.02.12;446,51
09.02.12;446,76
10.02.12;443,02
13.02.12;448,2
14.02.12;446,77
15.02.12;440,98
16.02.12;444,91
17.02.12;447,12
21.02.12;448,46
22.02.12;448,09
23.02.12;449,45
24.02.12;449,33
27.02.12;449,22
28.02.12;448,86
29.02.12;446,47
01.03.12;447,83
02.03.12;445,26
05.03.12;442,34
06.03.12;432,35
07.03.12;436,68
08.03.12;442,98
09.03.12;443,81
12.03.12;444,21
13.03.12;453,38
14.03.12;452,67
15.03.12;458,27
16.03.12;457,84
19.03.12;458,28
20.03.12;453,22
21.03.12;453,15
22.03.12;448,16
23.03.12;448,42
26.03.12;455,09
27.03.12;454,04
28.03.12;449,48
29.03.12;450,06
30.03.12;452,01
02.04.12;454,65
03.04.12;451,83
04.04.12;448,53
05.04.12;446,49
09.04.12;439,31
10.04.12;430,04
11.04.12;434,92
12.04.12;443,88
13.04.12;438,47
16.04.12;439,5
17.04.12;446,57
18.04.12;444,95
19.04.12;440,42
20.04.12;443,75
23.04.12;439,23
24.04.12;444,61
25.04.12;445,76
26.04.12;448,38
27.04.12;450,93
30.04.12;447,14
01.05.12;448,37
02.05.12;448,73
03.05.12;444,91
04.05.12;438,83
07.05.12;438,15
08.05.12;436,72
09.05.12;431,6
10.05.12;432,33
11.05.12;431,39
14.05.12;426,24
15.05.12;423,74
16.05.12;423,84
17.05.12;415,3
18.05.12;413,46
21.05.12;422,6
22.05.12;423,51
23.05.12;426,23
24.05.12;425,83
25.05.12;423,31
29.05.12;428,69
30.05.12;421,42
31.05.12;420,13
01.06.12;408,51
04.06.12;404,29
05.06.12;405,1
06.06.12;416,46
07.06.12;418,92
08.06.12;422,11
11.06.12;416,99
12.06.12;423,58
13.06.12;419,4
14.06.12;423,16
15.06.12;426,84
18.06.12;427,66
19.06.12;432,93
20.06.12;431,19
21.06.12;422,81
22.06.12;424,53
25.06.12;416,9
26.06.12;417,65
27.06.12;422,26
28.06.12;421,85
29.06.12;435,93
02.07.12;432,47
03.07.12;436,46
05.07.12;435,81
06.07.12;429,99
09.07.12;429,71
10.07.12;423,06
11.07.12;420,12
12.07.12;418,11
13.07.12;426,05
16.07.12;423,37
17.07.12;425,51
18.07.12;432,74
19.07.12;434,82
20.07.12;429,7
23.07.12;428,05
24.07.12;423,01
25.07.12;424,27
26.07.12;431,25
27.07.12;440,54
30.07.12;439,31
31.07.12;437,76
01.08.12;435,19
02.08.12;432,74
03.08.12;441,95
06.08.12;442,08
07.08.12;446,16
08.08.12;445,72
09.08.12;445,9
10.08.12;447,97
13.08.12;446,98
14.08.12;446,33
15.08.12;447,26
16.08.12;451,65
17.08.12;453,87
20.08.12;452,97
21.08.12;451,5
22.08.12;449,67
23.08.12;446,09
24.08.12;448,38
27.08.12;447,14
28.08.12;445,62
29.08.12;445,78
30.08.12;441,62
31.08.12;443,98
04.09.12;439,87
05.09.12;438,31
06.09.12;448,54
07.09.12;452,41
10.09.12;449,41
11.09.12;451,85
12.09.12;454,05
13.09.12;458,78
14.09.12;461,81
17.09.12;459,62
18.09.12;459,78
19.09.12;461,09
20.09.12;457,52
21.09.12;456,71
24.09.12;455,84
25.09.12;450,39
26.09.12;448,44
27.09.12;452,96
28.09.12;451,69
01.10.12;453,67
02.10.12;453,4
03.10.12;455,32
04.10.12;457,7
05.10.12;459,24
08.10.12;457,99
09.10.12;452,65
10.10.12;448,89
11.10.12;450,23
12.10.12;450,61
15.10.12;453,46
16.10.12;458,12
17.10.12;461,08
18.10.12;462,04
19.10.12;453,92
22.10.12;452,56
23.10.12;447,47
24.10.12;444,93
25.10.12;447,19
26.10.12;447,25
31.10.12;449,2
01.11.12;457,24
02.11.12;453,58
05.11.12;455,7
06.11.12;460,72
07.11.12;450,12
08.11.12;445,25
09.11.12;446,53
12.11.12;447,92
13.11.12;446,01
14.11.12;435,34
15.11.12;435,34
16.11.12;436,68
19.11.12;445,19
20.11.12;445,47
21.11.12;446,16
23.11.12;452,06
26.11.12;452,45
27.11.12;451,13
28.11.12;455,43
29.11.12;457,82
30.11.12;456,76
03.12.12;452
04.12.12;453,09
05.12.12;457,88
06.12.12;458,4
07.12.12;460,97
10.12.12;462,88
11.12.12;463,92
12.12.12;465,1
13.12.12;463,07
14.12.12;462,6
17.12.12;466,79
18.12.12;472,36
19.12.12;468,95
20.12.12;471,51
21.12.12;468,56
24.12.12;467,22
26.12.12;465,69
27.12.12;465,16
28.12.12;459,81
31.12.12;468,41
02.01.13;479,47
03.01.13;479,3
04.01.13;482,72
07.01.13;480,87
08.01.13;477,08
09.01.13;481,52
10.01.13;484,39
11.01.13;482,59
14.01.13;484,13
15.01.13;485,69
16.01.13;483,74
17.01.13;488,44
18.01.13;493,33
22.01.13;495,17
23.01.13;495,4
24.01.13;497,8
25.01.13;499,9
28.01.13;499,9
29.01.13;501,33
30.01.13;497,06
31.01.13;494,86
01.02.13;500,31
04.02.13;495,43
05.02.13;500,07
06.02.13;500,21
07.02.13;499,81
08.02.13;501,5
11.02.13;501,34
12.02.13;503,53
13.02.13;506,76
14.02.13;507,35
15.02.13;507,65
19.02.13;512,2
20.02.13;505,34
21.02.13;501,96
22.02.13;505,87
25.02.13;495,15
26.02.13;498,31
27.02.13;507,72
28.02.13;507,3
01.03.13;506,04
04.03.13;505,49
05.03.13;512,43
06.03.13;512,75
07.03.13;513,05
08.03.13;517,52
11.03.13;518,97
12.03.13;516,15
13.03.13;518,55
14.03.13;521,43
15.03.13;521,38
18.03.13;518,38
19.03.13;517,8
20.03.13;518,21
21.03.13;513,44
22.03.13;516,92
25.03.13;512,73
26.03.13;515,29
27.03.13;515,1
28.03.13;518,4
01.04.13;512,76
02.04.13;512,08
03.04.13;508,3
04.04.13;510,34
05.04.13;509,15
08.04.13;512,18
09.04.13;513,72
10.04.13;520,61
11.04.13;522,01
12.04.13;519,29
15.04.13;503,52
16.04.13;510,57
17.04.13;502,32
18.04.13;499,84
19.04.13;501,47
22.04.13;501,25
23.04.13;505,14
24.04.13;510,34
25.04.13;512,43
26.04.13;511,96
29.04.13;514,16
30.04.13;514,39
01.05.13;508,35
02.05.13;514,27
03.05.13;522,84
06.05.13;525,71
07.05.13;530,57
08.05.13;534,13
09.05.13;533,83
10.05.13;535,54
13.05.13;533,75
14.05.13;539,84
15.05.13;542,42
16.05.13;540,01
17.05.13;547,82
20.05.13;549,34
21.05.13;549,94
22.05.13;545,75
23.05.13;543,78
24.05.13;542,44
28.05.13;545,24
29.05.13;542,38
30.05.13;545,18
31.05.13;539,75
03.06.13;542,99
04.06.13;539,68
05.06.13;530,87
06.06.13;534,17
07.06.13;543,63
10.06.13;542,01
11.06.13;537,35
12.06.13;533,44
13.06.13;540,75
14.06.13;538,33
17.06.13;541,75
18.06.13;548,76
19.06.13;541,01
20.06.13;528,65
21.06.13;528,9
24.06.13;520,16
25.06.13;525,67
26.06.13;531,47
27.06.13;536,28
28.06.13;532,97
01.07.13;537,77
02.07.13;532,08
03.07.13;532,72
05.07.13;540,72
08.07.13;542,34
09.07.13;550,2
10.07.13;549,75
11.07.13;558,42
12.07.13;555,19
15.07.13;556,7
16.07.13;553,66
17.07.13;555,49
18.07.13;560,44
19.07.13;567,4
22.07.13;567,67
23.07.13;567,32
24.07.13;563,47
25.07.13;563,45
26.07.13;562,06
29.07.13;560,17
30.07.13;562,27
31.07.13;563,29
01.08.13;573,02
02.08.13;574,24
05.08.13;572,08
06.08.13;567,73
07.08.13;566,7
08.08.13;569,16
09.08.13;567,53
12.08.13;567,97
13.08.13;570,38
14.08.13;566,38
15.08.13;560,17
16.08.13;560,86
19.08.13;558,42
20.08.13;558,57
21.08.13;555,12
22.08.13;562,18
23.08.13;562,73
26.08.13;560,95
27.08.13;549,77
28.08.13;550,33
29.08.13;551,68
30.08.13;549,26
03.09.13;552,15
04.09.13;557,55
05.09.13;559,1
06.09.13;558,63
09.09.13;565,42
10.09.13;573,53
11.09.13;576,44
12.09.13;573,78
13.09.13;575,14
16.09.13;582,43
17.09.13;585,8
18.09.13;593,3
19.09.13;594,83
20.09.13;586,71
23.09.13;585,9
24.09.13;587,73
25.09.13;585,45
26.09.13;587,66
27.09.13;584,01
30.09.13;580,44
01.10.13;584,63
02.10.13;582,54
03.10.13;576,09
04.10.13;578,78
07.10.13;575,64
08.10.13;568,9
09.10.13;568,02
10.10.13;583,23
11.10.13;586,53
14.10.13;587,85
15.10.13;582,4
16.10.13;586,18
17.10.13;591,24
18.10.13;597,89
21.10.13;600,19
22.10.13;603,62
23.10.13;603,74
24.10.13;608,2
25.10.13;611,2
28.10.13;610,66
29.10.13;612,65
30.10.13;610,28
31.10.13;610,22
01.11.13;614,78
04.11.13;616,88
05.11.13;616,03
06.11.13;618,6
07.11.13;611,67
08.11.13;620,11
11.11.13;619,92
12.11.13;620,09
13.11.13;623,54
14.11.13;626,19
15.11.13;628,27
18.11.13;629,27
19.11.13;625,28
20.11.13;622,17
21.11.13;627,03
22.11.13;632,07
25.11.13;629,66
26.11.13;631,59
27.11.13;634,43
29.11.13;632,07
02.12.13;629,17
03.12.13;624,79
04.12.13;622,53
05.12.13;622,52
06.12.13;631,61
09.12.13;633,28
10.12.13;631,8
11.12.13;622,22
12.12.13;622,53
13.12.13;624,88
16.12.13;630,98
17.12.13;630,74
18.12.13;641,07
19.12.13;641,54
20.12.13;646,2
23.12.13;648,54
24.12.13;652,07
26.12.13;656,55
27.12.13;656,01
30.12.13;655,86
31.12.13;658,95
02.01.14;650,47
03.01.14;652,23
06.01.14;648,34
07.01.14;651,5
08.01.14;650,95
09.01.14;653,33
10.01.14;654,41
13.01.14;647,02
14.01.14;653,67
15.01.14;658,27
16.01.14;656,27
17.01.14;652,73
21.01.14;652,9
22.01.14;654,42
23.01.14;646,9
24.01.14;626,81
27.01.14;628,2
28.01.14;633,67
29.01.14;627,14
30.01.14;632,57
31.01.14;629,42
03.02.14;612,46
04.02.14;616,34
05.02.14;615,75
06.02.14;624,37
07.02.14;634,62
10.02.14;631,12
11.02.14;638,32
12.02.14;640,43
13.02.14;641,84
14.02.14;646,55
18.02.14;645,1
19.02.14;639,48
20.02.14;645,42
21.02.14;645,43
24.02.14;650,6
25.02.14;647,86
26.02.14;648,41
27.02.14;652,34
28.02.14;654,12
03.03.14;649,59
04.03.14;659,52
05.03.14;660,74
06.03.14;664,6
07.03.14;666,28
10.03.14;662,88
11.03.14;658,38
12.03.14;657,07
13.03.14;647,36
14.03.14;644,91
17.03.14;653,2
18.03.14;656,46
19.03.14;650,06
20.03.14;651,1
21.03.14;651,68
24.03.14;649,58
25.03.14;655,21
26.03.14;649,1
27.03.14;648,26
28.03.14;653,09
31.03.14;659,87
01.04.14;664,59
02.04.14;668,92
03.04.14;670,04
04.04.14;662,53
07.04.14;653,72
08.04.14;653,67
09.04.14;661,96
10.04.14;649,45
11.04.14;642,92
14.04.14;646,86
15.04.14;650,77
16.04.14;660,89
17.04.14;666,14
21.04.14;668,26
22.04.14;668,36
23.04.14;670,85
24.04.14;669,31
25.04.14;663,37
28.04.14;664,12
29.04.14;665,79
30.04.14;670,13
01.05.14;668,29
02.05.14;667,76
05.05.14;668,36
06.05.14;663,17
07.05.14;669,22
08.05.14;669,1
09.05.14;669,49
12.05.14;679,42
13.05.14;680,99
14.05.14;675,65
15.05.14;669,24
16.05.14;670,52
19.05.14;673,15
20.05.14;664,54
21.05.14;670,64
22.05.14;672,14
23.05.14;676,25
27.05.14;679,47
28.05.14;680,35
29.05.14;682,84
30.05.14;683,11
02.06.14;685,67
03.06.14;684,61
04.06.14;684,13
05.06.14;691,37
06.06.14;698
09.06.14;701,96
10.06.14;700,23
11.06.14;694,69
12.06.14;686,13
13.06.14;688,58
16.06.14;687,47
17.06.14;689,17
18.06.14;692,8
19.06.14;694,56
20.06.14;697,6
23.06.14;693,22
24.06.14;686,27
25.06.14;687,23
26.06.14;686,12
27.06.14;688,12
30.06.14;685,3
01.07.14;689,31
02.07.14;688,5
03.07.14;694,08
07.07.14;689,49
08.07.14;684,31
09.07.14;685,37
10.07.14;681,71
11.07.14;685,64
14.07.14;689,49
15.07.14;689,81
16.07.14;693,54
17.07.14;682,7
18.07.14;688,04
21.07.14;686,42
22.07.14;689,51
23.07.14;686,58
24.07.14;683,44
25.07.14;681,6
28.07.14;678,23
29.07.14;670,13
30.07.14;670,67
31.07.14;657,5
01.08.14;657
04.08.14;659,03
05.08.14;655,37
06.08.14;652,57
07.08.14;653,18
08.08.14;662,31
11.08.14;665,1
12.08.14;663,51
13.08.14;669,47
14.08.14;672,77
15.08.14;670,9
18.08.14;681,18
19.08.14;682,95
20.08.14;689,95
21.08.14;689,78
22.08.14;686,83
25.08.14;689,2
26.08.14;686,95
27.08.14;686,96
28.08.14;685,21
29.08.14;685,23
02.09.14;686,66
03.09.14;686,24
04.09.14;686,59
05.09.14;688,98
08.09.14;688,63
09.09.14;685,91
10.09.14;686,56
11.09.14;687,41
12.09.14;684,59
15.09.14;684,65
16.09.14;688,49
17.09.14;691,46
18.09.14;695,08
19.09.14;694,29
22.09.14;686,63
23.09.14;680,88
24.09.14;684,28
25.09.14;674,07
26.09.14;680,25
29.09.14;678,4
30.09.14;677,85
01.10.14;665,1
02.10.14;664,33
03.10.14;673,36
06.10.14;671,14
07.10.14;655,26
08.10.14;666,92
09.10.14;651,49
10.10.14;641,88
13.10.14;631,93
14.10.14;640,17
15.10.14;639,11
16.10.14;643,86
17.10.14;656,54
20.10.14;658,54
21.10.14;673,02
22.10.14;664,15
23.10.14;678,65
24.10.14;684,73
27.10.14;684,51
28.10.14;696,14
29.10.14;693,16
30.10.14;695,82
31.10.14;702,97
03.11.14;701,45
04.11.14;701,81
05.11.14;706,03
06.11.14;713,84
07.11.14;714,55
10.11.14;717,98
11.11.14;717,07
12.11.14;718,17
13.11.14;716,53
14.11.14;717
17.11.14;716,26
18.11.14;721,85
19.11.14;720
20.11.14;721,32
21.11.14;728,42
24.11.14;730,37
25.11.14;731,6
26.11.14;730,75
28.11.14;724,68
01.12.14;715,32
02.12.14;720,9
03.12.14;730,31
04.12.14;726,98
05.12.14;728,22
08.12.14;720,22
09.12.14;720,87
10.12.14;707,29
11.12.14;710,58
12.12.14;697,32
15.12.14;695,61
16.12.14;695,59
17.12.14;702,02
18.12.14;720,21
19.12.14;724,04
22.12.14;730,65
23.12.14;733,97
24.12.14;734,35
26.12.14;734,38
29.12.14;734,65
30.12.14;731,19
31.12.14;723,7
02.01.15;722,61
05.01.15;705,91
06.01.15;697,55
07.01.15;701,82
08.01.15;715,81
09.01.15;708,01
12.01.15;703,35
13.01.15;701,98
14.01.15;698,03
15.01.15;694,19
16.01.15;698,9
20.01.15;704,31
21.01.15;709,42
22.01.15;720,98
23.01.15;715,37
26.01.15;716,55
27.01.15;707,29
28.01.15;700,65
29.01.15;708,94
30.01.15;697,43
02.02.15;707,86
03.02.15;719,01
04.02.15;713,26
05.02.15;720,24
06.02.15;718,65
09.02.15;716,68
10.02.15;720,87
11.02.15;721,21
12.02.15;727,49
13.02.15;730,97
17.02.15;732,17
18.02.15;735,92
19.02.15;736,92
20.02.15;743,79
23.02.15;740,79
24.02.15;743,22
25.02.15;743,16
26.02.15;739,81
27.02.15;736,62
02.03.15;742,87
03.03.15;737,87
04.03.15;732,05
05.03.15;733,15
06.03.15;723,3
09.03.15;729,58
10.03.15;716,16
11.03.15;715,63
12.03.15;724,69
13.03.15;718,06
16.03.15;729,82
17.03.15;726,86
18.03.15;735,28
19.03.15;730,27
20.03.15;734,04
23.03.15;728,52
24.03.15;725,81
25.03.15;713,61
26.03.15;711,5
27.03.15;714,53
30.03.15;724,41
31.03.15;717,49
01.04.15;711,69
02.04.15;712,76
06.04.15;718,07
07.04.15;717,08
08.04.15;718,67
09.04.15;723,26
10.04.15;736,24
13.04.15;728,34
14.04.15;729,21
15.04.15;730,24
16.04.15;728,35
17.04.15;720,05
20.04.15;727,99
21.04.15;726,31
22.04.15;729,61
23.04.15;728,59
24.04.15;725,59
27.04.15;725,22
28.04.15;727,19
29.04.15;723,51
30.04.15;717,39
01.05.15;725,96
04.05.15;727,02
05.05.15;717,57
06.05.15;716,78
07.05.15;720,74
08.05.15;729,34
11.05.15;728,14
12.05.15;727,56
13.05.15;729,07
14.05.15;736,15
15.05.15;735,49
18.05.15;736,98
19.05.15;735,23
20.05.15;732,81
21.05.15;736,51
22.05.15;733,29
26.05.15;725,38
27.05.15;729,75
28.05.15;726,92
29.05.15;719,73
01.06.15;722,64
02.06.15;723,93
03.06.15;727,76
04.06.15;719,47
05.06.15;720,26
08.06.15;714,96
09.06.15;715,02
10.06.15;722,37
11.06.15;725,51
12.06.15;721,71
15.06.15;715,84
16.06.15;716,44
17.06.15;718,04
18.06.15;725,81
19.06.15;722,71
22.06.15;726,46
23.06.15;725,05
24.06.15;718,27
25.06.15;712,85
26.06.15;714,32
29.06.15;700,68
30.06.15;701,52
01.07.15;704,22
02.07.15;703,87
06.07.15;699,73
07.07.15;705,44
08.07.15;692,86
09.07.15;695,31
10.07.15;702,44
13.07.15;709,72
14.07.15;711,85
15.07.15;709,49
16.07.15;713,07
17.07.15;713,05
20.07.15;713,21
21.07.15;705,64
22.07.15;701,81
23.07.15;695,29
24.07.15;685,99
27.07.15;683,14
28.07.15;695,49
29.07.15;704,09
30.07.15;703,39
31.07.15;702,91
03.08.15;699,81
04.08.15;698,97
05.08.15;702,7
06.08.15;699,65
07.08.15;696,11
10.08.15;709,34
11.08.15;700,83
12.08.15;701,08
13.08.15;700,63
14.08.15;705,06
17.08.15;708,36
18.08.15;707,38
19.08.15;700,89
20.08.15;686,11
21.08.15;667,5
24.08.15;645,2
25.08.15;634,86
26.08.15;654,56
27.08.15;670,52
28.08.15;671,56
31.08.15;665,3
01.09.15;647,78
02.09.15;661,98
03.09.15;662,51
04.09.15;653,1
08.09.15;671,37
09.09.15;664,15
10.09.15;664,79
11.09.15;668,27
14.09.15;665,13
15.09.15;676,29
16.09.15;682,32
17.09.15;678,88
18.09.15;664,79
21.09.15;667,81
22.09.15;658,84
23.09.15;654,5
24.09.15;649,91
25.09.15;651,71
28.09.15;638,96
29.09.15;643,01
30.09.15;653,13
01.10.15;651,99
02.10.15;659,59
05.10.15;679,14
06.10.15;678,98
07.10.15;688,12
08.10.15;697,92
09.10.15;700
12.10.15;700,75
13.10.15;693,28
14.10.15;686,23
15.10.15;693,21
16.10.15;691,57
19.10.15;691,94
20.10.15;695,68
21.10.15;696,62
22.10.15;716,17
23.10.15;718,35
26.10.15;717,36
27.10.15;710,28
28.10.15;715,16
29.10.15;714,72
30.10.15;713,16
02.11.15;721,66
03.11.15;721,76
04.11.15;720,35
05.11.15;721,1
06.11.15;721,87
09.11.15;716,05
10.11.15;716,75
11.11.15;718,78
12.11.15;708,74
13.11.15;705,82
16.11.15;714,27
17.11.15;712,98
18.11.15;722,42
19.11.15;725,01
20.11.15;729,03
23.11.15;725,94
24.11.15;724,21
25.11.15;723,73
27.11.15;725,06
30.11.15;719,78
01.12.15;724,11
02.12.15;716,71
03.12.15;708,76
04.12.15;719,09
07.12.15;716,1
08.12.15;704,93
09.12.15;703,2
10.12.15;706,63
11.12.15;695,05
14.12.15;696,54
15.12.15;696,95
16.12.15;709,59
17.12.15;698,85
18.12.15;688,2
21.12.15;693,59
22.12.15;701,99
23.12.15;710,69
24.12.15;710,14
28.12.15;708,81
29.12.15;715,59
30.12.15;710,08
31.12.15;705,36
04.01.16;695,41
05.01.16;696,84
06.01.16;686,66
07.01.16;667,47
08.01.16;660,68
11.01.16;661,17
12.01.16;665,98
13.01.16;650,61
14.01.16;659,13
15.01.16;646,8
19.01.16;646,9
20.01.16;638,19
21.01.16;641,68
22.01.16;646,57
25.01.16;638,45
26.01.16;650,1
27.01.16;643,05
28.01.16;646,95
29.01.16;664,89
01.02.16;662,72
02.02.16;649,58
03.02.16;659,44
04.02.16;670,76
05.02.16;663,73
08.02.16;658
09.02.16;661,53
10.02.16;659,25
11.02.16;646,09
12.02.16;658,71
16.02.16;671,93
17.02.16;682,71
18.02.16;681,92
19.02.16;680,72
22.02.16;692,23
23.02.16;685,53
24.02.16;686,22
25.02.16;695,09
26.02.16;696,12
29.02.16;691,4
01.03.16;705,26
02.03.16;706,38
03.03.16;710,78
04.03.16;713,72
07.03.16;715,1
08.03.16;706,2
09.03.16;707,94
10.03.16;707,04
11.03.16;717,23
14.03.16;717,47
15.03.16;716,65
16.03.16;721,29
17.03.16;735,69
18.03.16;741,7
21.03.16;743,51
22.03.16;741,16
23.03.16;736,84
24.03.16;734,72
28.03.16;735,88
29.03.16;739,84
30.03.16;743,33
31.03.16;740,54
01.04.16;741,77
04.04.16;734,67
05.04.16;730,47
06.04.16;732,2
07.04.16;726,79
08.04.16;730,91
11.04.16;729,55
12.04.16;735,41
13.04.16;745,45
14.04.16;745,68
15.04.16;746,01
18.04.16;748,4
19.04.16;752,21
20.04.16;751,28
21.04.16;748,93
22.04.16;751
25.04.16;746,44
26.04.16;753,08
27.04.16;758,39
28.04.16;751,1
29.04.16;747,16
02.05.16;750,45
03.05.16;744,36
04.05.16;735,13
05.05.16;734,3
06.05.16;739,46
09.05.16;736,12
10.05.16;748,73
11.05.16;743,04
12.05.16;741,25
13.05.16;732,36
16.05.16;740,71
17.05.16;737,14
18.05.16;735,25
19.05.16;728,26
20.05.16;732,03
23.05.16;730,41
24.05.16;738,23
25.05.16;743,08
26.05.16;741,79
27.05.16;743,75
31.05.16;743,59
01.06.16;743,88
02.06.16;744,99
03.06.16;744,84
06.06.16;750,53
07.06.16;753,7
08.06.16;758,85
09.06.16;758,78
10.06.16;751,15
13.06.16;742,84
14.06.16;743,5
15.06.16;743,72
16.06.16;745,4
17.06.16;745,66
20.06.16;752,6
21.06.16;752,22
22.06.16;749,82
23.06.16;758,43
24.06.16;727,81
27.06.16;711,36
28.06.16;723,34
29.06.16;736,19
30.06.16;750,92
01.07.16;753,76
05.07.16;747,06
06.07.16;750,72
07.07.16;752,63
08.07.16;766,98
11.07.16;771,28
12.07.16;778,2
13.07.16;780,26
14.07.16;786,03
15.07.16;786,57
18.07.16;785,82
19.07.16;786,26
20.07.16;787,89
21.07.16;779,8
22.07.16;780,56
25.07.16;776,12
26.07.16;781,74
27.07.16;778,23
28.07.16;778,67
29.07.16;776,46
01.08.16;775,62
02.08.16;768,45
03.08.16;771,7
04.08.16;771,96
05.08.16;779,83
08.08.16;779,77
09.08.16;780,16
10.08.16;779,96
11.08.16;784,78
12.08.16;782,39
15.08.16;787,18
16.08.16;783,8
17.08.16;786,83
18.08.16;788,45
19.08.16;788,49
22.08.16;787,9
23.08.16;788,24
24.08.16;786,03
25.08.16;785,48
26.08.16;783,27
29.08.16;787,67
30.08.16;786,68
31.08.16;782,87
01.09.16;783,34
02.09.16;786,57
06.09.16;784,31
07.09.16;785,47
08.09.16;784,9
09.09.16;762,92
12.09.16;772,86
13.09.16;760,94
14.09.16;759,83
15.09.16;765,91
16.09.16;760,03
19.09.16;762,61
20.09.16;763,6
21.09.16;773,44
22.09.16;778,98
23.09.16;773,93
26.09.16;770,19
27.09.16;776,41
28.09.16;781,75
29.09.16;775,56
30.09.16;782,03
03.10.16;782,44
04.10.16;776,37
05.10.16;780,93
06.10.16;780,48
07.10.16;771,01
10.10.16;771,05
11.10.16;763,34
12.10.16;764,64
13.10.16;764,82
14.10.16;766,22
17.10.16;764,58
18.10.16;766,04
19.10.16;768,59
20.10.16;764,69
21.10.16;763,48
24.10.16;765,47
25.10.16;762,41
26.10.16;765,57
27.10.16;759,97
28.10.16;764,87
31.10.16;766,34
01.11.16;760,11
02.11.16;757,18
03.11.16;755,2
04.11.16;756,49
07.11.16;775
08.11.16;780,05
09.11.16;798,77
10.11.16;815,2
11.11.16;817,55
14.11.16;820,93
15.11.16;823,67
16.11.16;818,96
17.11.16;820,79
18.11.16;820,77
21.11.16;824,87
22.11.16;828,91
23.11.16;835,45
25.11.16;839,51
28.11.16;833,65
29.11.16;834,5
30.11.16;834,15
01.12.16;840,71
02.12.16;840,12
05.12.16;839,14
06.12.16;841,28
07.12.16;856,3
08.12.16;852,03
09.12.16;856,12
12.12.16;853,02
13.12.16;851,89
14.12.16;843,67
15.12.16;843,94
16.12.16;842,6
19.12.16;847,59
20.12.16;852,88
21.12.16;849,45
22.12.16;848,33
23.12.16;848,92
27.12.16;850,24
28.12.16;842,02
29.12.16;841,74
30.12.16;838,39
03.01.17;843,96
04.01.17;848,45
05.01.17;845,37
06.01.17;849,96
09.01.17;844,1
10.01.17;846,77
11.01.17;851,52
12.01.17;848,45
13.01.17;851,21
17.01.17;844,54
18.01.17;847,94
19.01.17;852,94
20.01.17;852,63
23.01.17;846,69
24.01.17;855,3
25.01.17;864,19
26.01.17;866,44
27.01.17;864,8
30.01.17;858,25
31.01.17;850,25
01.02.17;849,13
02.02.17;846,88
03.02.17;853,43
06.02.17;853,86
07.02.17;855,28
08.02.17;854,67
09.02.17;861,05
10.02.17;867,54
13.02.17;876,11
14.02.17;876,66
15.02.17;881,46
16.02.17;881,96
17.02.17;883,49
21.02.17;887,72
22.02.17;885,55
23.02.17;879,62
24.02.17;884,07
27.02.17;886,94
28.02.17;882,71
01.03.17;897,25
02.03.17;888,76
03.03.17;889,41
06.03.17;886,58
07.03.17;883,76
08.03.17;880,78
09.03.17;876,79
10.03.17;882,63
13.03.17;881,83
14.03.17;873,76
15.03.17;883,47
16.03.17;880,26
17.03.17;884,17
20.03.17;882,55
21.03.17;869,1
22.03.17;872,37
23.03.17;871,09
24.03.17;868,58
27.03.17;865,51
28.03.17;874,87
29.03.17;874,53
30.03.17;879,21
31.03.17;876,63
03.04.17;874,69
04.04.17;876,37
05.04.17;873,79
06.04.17;876,46
07.04.17;877,36
10.04.17;879,38
11.04.17;880,71
12.04.17;869,1
13.04.17;863,19
17.04.17;872,01
18.04.17;869,66
19.04.17;870,74
20.04.17;880,37
21.04.17;880,92
24.04.17;892,5
25.04.17;897,31
26.04.17;896,02
27.04.17;895,9
28.04.17;892,08
01.05.17;889,14
02.05.17;893,95
03.05.17;894,84
04.05.17;895,27
05.05.17;900,31
08.05.17;897,66
09.05.17;899,41
10.05.17;896,37
11.05.17;896,41
12.05.17;890,63
15.05.17;894,68
16.05.17;893,54
17.05.17;876,12
18.05.17;877,54
19.05.17;889,48
22.05.17;895,7
23.05.17;897,51
24.05.17;898,06
25.05.17;903,62
26.05.17;904,79
30.05.17;903,82
31.05.17;905,51
01.06.17;911,77
02.06.17;916,24
05.06.17;912,32
06.06.17;906,55
07.06.17;905,41
08.06.17;908,21
09.06.17;911,95
12.06.17;916,14
13.06.17;919,32
14.06.17;918,44
15.06.17;924,42
16.06.17;927,8
19.06.17;932,98
20.06.17;922,25
21.06.17;916,11
22.06.17;914,35
23.06.17;917,91
26.06.17;917,78
27.06.17;910,26
28.06.17;918,56
29.06.17;911,05
30.06.17;918,12
03.07.17;923,55
05.07.17;926,36
06.07.17;917,41
07.07.17;924,29
10.07.17;925,98
11.07.17;925,68
12.07.17;931,02
13.07.17;930,58
14.07.17;934,94
17.07.17;934,12
18.07.17;931,91
19.07.17;933,4
20.07.17;927,74
21.07.17;925,7
24.07.17;922,09
25.07.17;921,51
26.07.17;922,96
27.07.17;917,96
28.07.17;919,92
31.07.17;918,63
01.08.17;916,65
02.08.17;920,85
03.08.17;925,21
04.08.17;927,38
07.08.17;926,49
08.08.17;923,76
09.08.17;924,23
10.08.17;912,24
11.08.17;913,23
14.08.17;922,51
15.08.17;920,4
16.08.17;922,3
17.08.17;906,55
18.08.17;903,43
21.08.17;904,35
22.08.17;914,49
23.08.17;906,59
24.08.17;903,16
25.08.17;907,17
28.08.17;907,23
29.08.17;913,46
30.08.17;916,68
31.08.17;920,02
01.09.17;921,41
05.09.17;911,42
06.09.17;912,4
07.09.17;913,11
08.09.17;916,29
11.09.17;924,16
12.09.17;928,93
13.09.17;927,72
14.09.17;932,07
15.09.17;936,21
18.09.17;941,59
19.09.17;942,34
20.09.17;948,72
21.09.17;951,92
22.09.17;954,62
25.09.17;954,6
26.09.17;954,5
27.09.17;954,78
28.09.17;954,1
29.09.17;956,85
02.10.17;963,64
03.10.17;968,26
04.10.17;967,72
05.10.17;970,07
06.10.17;969,62
09.10.17;965,81
10.10.17;966,92
11.10.17;966,67
12.10.17;971,67
13.10.17;969,17
16.10.17;970,86
17.10.17;968,11
18.10.17;968,74
19.10.17;971,35
20.10.17;981,99
23.10.17;974,07
24.10.17;979,33
25.10.17;969,26
26.10.17;970,64
27.10.17;969,83
30.10.17;962,72
31.10.17;958,8
01.11.17;958,2
02.11.17;963,56
03.11.17;962,64
06.11.17;962,89
07.11.17;965,13
08.11.17;963,29
09.11.17;951,43
10.11.17;952,99
13.11.17;948,22
14.11.17;944,41
15.11.17;939,61
16.11.17;948,28
17.11.17;943,72
20.11.17;947,7
21.11.17;953,83
22.11.17;955,51
24.11.17;955,51
27.11.17;957,26
28.11.17;971,48
29.11.17;980,44
30.11.17;995,82
01.12.17;984,27
04.12.17;992,51
05.12.17;983,68
06.12.17;984,89
07.12.17;993,79
08.12.17;997,85
11.12.17;995,77
12.12.17;997,03
13.12.17;1000,75
14.12.17;994,28
15.12.17;1001,44
18.12.17;1008,17
19.12.17;1008,25
20.12.17;1011,31
21.12.17;1011,94
22.12.17;1012,28
26.12.17;1013,25
27.12.17;1015,8
28.12.17;1017,65
29.12.17;1014,74
02.01.18;1022,55
03.01.18;1027,92
04.01.18;1035,68
05.01.18;1043,25
08.01.18;1047,03
09.01.18;1053,37
10.01.18;1054,24
11.01.18;1067,79
12.01.18;1077,06
16.01.18;1067,09
17.01.18;1071,97
18.01.18;1065,5
19.01.18;1067,85
22.01.18;1067,51
23.01.18;1069
24.01.18;1066,59
25.01.18;1068,25
26.01.18;1080,34
29.01.18;1073,41
30.01.18;1064,32
31.01.18;1068,59
01.02.18;1066,68
02.02.18;1045,12
05.02.18;998,53
06.02.18;1015,17
07.02.18;1017,93
08.02.18;978,21
09.02.18;988,91
12.02.18;1004,5
13.02.18;1006,92
14.02.18;1019,19
15.02.18;1034,66
16.02.18;1035,53
20.02.18;1024,87
21.02.18;1024,78
22.02.18;1031,25
23.02.18;1039,91
26.02.18;1054,36
27.02.18;1041,63
28.02.18;1026,39
01.03.18;1006,69
02.03.18;1005,97
05.03.18;1018,11
06.03.18;1023,09
07.03.18;1023,03
08.03.18;1028,18
09.03.18;1050,71
12.03.18;1038,44
13.03.18;1032,84
14.03.18;1021,15
15.03.18;1024,49
16.03.18;1030,02
19.03.18;1021,56
20.03.18;1025,02
21.03.18;1026,24
22.03.18;992,62
23.03.18;978,83
26.03.18;1001,36
27.03.18;987,65
28.03.18;984,04
29.03.18;998,93
02.04.18;978,29
03.04.18;991,83
04.04.18;996,05
05.04.18;1006,04
06.04.18;978,56
09.04.18;975,2
10.04.18;990,25
11.04.18;982,78
12.04.18;997,16
13.04.18;994,77
16.04.18;1004,71
17.04.18;1013,14
18.04.18;1023,47
19.04.18;1020,49
20.04.18;1016,31
23.04.18;1015,52
24.04.18;986,97
25.04.18;989,69
26.04.18;985,5
27.04.18;984,37
30.04.18;971,02
01.05.18;966,59
02.05.18;957,98
03.05.18;960,3
04.05.18;971,24
07.05.18;977,99
08.05.18;985,01
09.05.18;995,95
10.05.18;1002,75
11.05.18;1004,99
14.05.18;1003,1
15.05.18;999,42
16.05.18;1003,13
17.05.18;1007,12
18.05.18;1012,94
21.05.18;1028,51
22.05.18;1015,67
23.05.18;1014,2
24.05.18;1020,35
25.05.18;1018,44
29.05.18;1001,79
30.05.18;1014,65
31.05.18;1000,22
01.06.18;1011,83
04.06.18;1010,5
05.06.18;1012,39
06.06.18;1021,46
07.06.18;1023,69
08.06.18;1028,08
11.06.18;1029,66
12.06.18;1028,91
13.06.18;1020,5
14.06.18;1016,46
15.06.18;1014,33
18.06.18;1010,45
19.06.18;988,83
20.06.18;989
21.06.18;977,28
22.06.18;980,1
25.06.18;967,92
26.06.18;971,08
27.06.18;963,46
28.06.18;965,17
29.06.18;967,15
02.07.18;969,03
03.07.18;965,4
05.07.18;970,43
06.07.18;974,18
09.07.18;991,79
10.07.18;995,3
11.07.18;979,22
12.07.18;990,2
13.07.18;996,07
16.07.18;991,69
17.07.18;995,45
18.07.18;1006,66
19.07.18;1006,17
20.07.18;1005,08
23.07.18;998,87
24.07.18;1003,95
25.07.18;1017,44
26.07.18;1026,02
27.07.18;1026,01
30.07.18;1016,42
31.07.18;1037,98
01.08.18;1024,68
02.08.18;1023,12
03.08.18;1024,09
06.08.18;1025,37
07.08.18;1032,57
08.08.18;1028,33
09.08.18;1022,85
10.08.18;1014,65
13.08.18;1009,42
14.08.18;1016,03
15.08.18;1011,11
16.08.18;1023,48
17.08.18;1030,01
20.08.18;1036,62
21.08.18;1044,57
22.08.18;1034,85
23.08.18;1031,36
24.08.18;1035,84
27.08.18;1048,56
28.08.18;1047,36
29.08.18;1048,15
30.08.18;1040,47
31.08.18;1041,07
04.09.18;1041,03
05.09.18;1047,34
06.09.18;1051,05
07.09.18;1047,85
10.09.18;1053,45
11.09.18;1052,78
12.09.18;1056,66
13.09.18;1062,03
14.09.18;1067,99
17.09.18;1068,28
18.09.18;1077,83
19.09.18;1077,37
20.09.18;1078,59
21.09.18;1082,04
24.09.18;1067,8
25.09.18;1064,28
26.09.18;1062,71
27.09.18;1064,32
28.09.18;1063,82
01.10.18;1073,4
02.10.18;1075,44
03.10.18;1080,24
04.10.18;1077,27
05.10.18;1072,02
08.10.18;1074,04
09.10.18;1057,94
10.10.18;1021,17
11.10.18;997,95
12.10.18;1003,42
15.10.18;1005,59
16.10.18;1022,27
17.10.18;1015,41
18.10.18;997,23
19.10.18;993,43
22.10.18;989,77
23.10.18;973,99
24.10.18;940,6
25.10.18;947,53
26.10.18;938,31
29.10.18;922,54
30.10.18;941,1
31.10.18;948,83
01.11.18;965,4
02.11.18;962,73
05.11.18;967,81
06.11.18;978,58
07.11.18;995,05
08.11.18;993,18
09.11.18;983,29
12.11.18;963,71
13.11.18;968,01
14.11.18;964,49
15.11.18;977,23
16.11.18;977,17
19.11.18;961,86
20.11.18;941,68
21.11.18;948,23
23.11.18;946,2
26.11.18;954,1
27.11.18;951,68
28.11.18;974,49
29.11.18;974,8
30.11.18;985,3
03.12.18;996,8
04.12.18;953,45
06.12.18;948,25
07.12.18;923,51
10.12.18;925,89
11.12.18;920,36
12.12.18;925,34
13.12.18;923,32
14.12.18;910,16
17.12.18;894,5
18.12.18;899,69
19.12.18;882,55
20.12.18;866,63
21.12.18;849,94
24.12.18;823,24
26.12.18;862,78
27.12.18;873,51
28.12.18;870,95
31.12.18;879,89
02.01.19;883,84
03.01.19;857,73
04.01.19;890,76
07.01.19;896,77
08.01.19;909,43
09.01.19;915,15
10.01.19;928,37
11.01.19;927,24
14.01.19;926,98
15.01.19;924,01
16.01.19;925,1
17.01.19;940,47
18.01.19;958,17
22.01.19;938,34
23.01.19;940,05
24.01.19;945,33
25.01.19;957,48
28.01.19;947,92
29.01.19;960,89
30.01.19;975,89
31.01.19;980,33
01.02.19;982,38
04.02.19;995,12
05.02.19;1003,86
06.02.19;1003,67
07.02.19;996,75
08.02.19;997,97
11.02.19;1003,54
12.02.19;1019,18
13.02.19;1025,64
14.02.19;1020,42
15.02.19;1034,12
19.02.19;1033,39
20.02.19;1038,43
21.02.19;1034,56
22.02.19;1041,28
25.02.19;1045,55
26.02.19;1042,48
27.02.19;1046,62
28.02.19;1043,11
01.03.19;1044,03
04.03.19;1039,09
05.03.19;1032,46
06.03.19;1022,79
07.03.19;1017,12
08.03.19;1014,71
11.03.19;1023,77
12.03.19;1014,43
13.03.19;1023,72
14.03.19;1020,23
15.03.19;1017,81
18.03.19;1026,66
19.03.19;1022,42
20.03.19;1015,98
21.03.19;1025,6
22.03.19;1002,32
25.03.19;1004,75
26.03.19;1011,83
27.03.19;1012,89
28.03.19;1020,91
29.03.19;1031,23
01.04.19;1052,59
02.04.19;1051,93
03.04.19;1049,14
04.04.19;1055,47
05.04.19;1058,6
08.04.19;1053,94
09.04.19;1039,34
10.04.19;1039,19
11.04.19;1048,51
12.04.19;1061,97
15.04.19;1056,49
16.04.19;1062,7
17.04.19;1064,27
18.04.19;1076,36
22.04.19;1072,93
23.04.19;1082,52
24.04.19;1079,15
25.04.19;1057,71
26.04.19;1065,33
29.04.19;1068,24
30.04.19;1073,6
01.05.19;1065,65
02.05.19;1064,5
03.05.19;1077,69
06.05.19;1067,29
07.05.19;1045,5
08.05.19;1045,61
09.05.19;1044,08
10.05.19;1048,12
13.05.19;1018,38
14.05.19;1029,24
15.05.19;1030,5
16.05.19;1039,92
17.05.19;1028,76
20.05.19;1025,91
21.05.19;1038,05
22.05.19;1029,58
23.05.19;1013,97