30.12.11;100
03.01.12;100,71
04.01.12;99,11
05.01.12;100,06
06.01.12;99,57
09.01.12;99,32
10.01.12;100,76
11.01.12;101,75
12.01.12;101,18
13.01.12;101,51
17.01.12;102,15
18.01.12;102,84
19.01.12;103,49
20.01.12;103,75
23.01.12;104,1
24.01.12;104,73
25.01.12;106,11
26.01.12;106,83
27.01.12;107,01
30.01.12;105,91
31.01.12;106,59
01.02.12;107,09
02.02.12;107,27
03.02.12;108,96
06.02.12;108,39
07.02.12;108,28
08.02.12;108,38
09.02.12;107,68
10.02.12;106,63
13.02.12;107,96
14.02.12;106,67
15.02.12;106,13
16.02.12;107,16
17.02.12;107,24
21.02.12;105,89
22.02.12;105,07
23.02.12;106,34
24.02.12;106,49
27.02.12;106,33
28.02.12;105,39
29.02.12;105,19
01.03.12;105,9
02.03.12;105,9
05.03.12;106,59
06.03.12;104,88
07.03.12;105,4
08.03.12;105,28
09.03.12;105,95
12.03.12;106,69
13.03.12;109,08
14.03.12;108,91
15.03.12;109,04
16.03.12;109,6
19.03.12;110,57
20.03.12;110,14
21.03.12;109,9
22.03.12;108,51
23.03.12;109,01
26.03.12;109,98
27.03.12;109,94
28.03.12;109,61
29.03.12;109,54
30.03.12;110,57
02.04.12;111,33
03.04.12;110,58
04.04.12;109,29
05.04.12;108,91
09.04.12;107,68
10.04.12;105,5
11.04.12;107,06
12.04.12;108,78
13.04.12;107,84
16.04.12;109,38
17.04.12;110,38
18.04.12;109,53
19.04.12;109,45
20.04.12;110,67
23.04.12;109,17
24.04.12;110,97
25.04.12;112,26
26.04.12;112,53
27.04.12;113,28
30.04.12;113,14
01.05.12;114,2
02.05.12;113,92
03.05.12;113,33
04.05.12;112,22
07.05.12;113,17
08.05.12;112,88
09.05.12;112,41
10.05.12;112,59
11.05.12;112,88
14.05.12;111,44
15.05.12;111,03
16.05.12;109,45
17.05.12;106,53
18.05.12;105,55
21.05.12;108,01
22.05.12;108,11
23.05.12;108,46
24.05.12;108,87
25.05.12;108,42
29.05.12;110,13
30.05.12;107,48
31.05.12;108,25
01.06.12;105,23
04.06.12;104,67
05.06.12;106,51
06.06.12;109,12
07.06.12;108,68
08.06.12;110,06
11.06.12;108
12.06.12;109,17
13.06.12;108,42
14.06.12;109,89
15.06.12;110,72
18.06.12;111,55
19.06.12;112,15
20.06.12;112,07
21.06.12;109,97
22.06.12;109,99
25.06.12;109,29
26.06.12;109,98
27.06.12;110,67
28.06.12;111,7
29.06.12;114,51
02.07.12;115,62
03.07.12;116,2
05.07.12;115,23
06.07.12;115,46
09.07.12;115,83
10.07.12;114,15
11.07.12;114,85
12.07.12;115,17
13.07.12;116,9
16.07.12;117,19
17.07.12;118,31
18.07.12;117,23
19.07.12;116,52
20.07.12;115,8
23.07.12;115
24.07.12;114,49
25.07.12;114,35
26.07.12;115,65
27.07.12;117,33
30.07.12;117,52
31.07.12;117,3
01.08.12;117,19
02.08.12;117,31
03.08.12;118,46
06.08.12;118,06
07.08.12;116,73
08.08.12;115,75
09.08.12;115,36
10.08.12;115,58
13.08.12;115,51
14.08.12;115,48
15.08.12;115,99
16.08.12;116,97
17.08.12;117,12
20.08.12;116,73
21.08.12;116,64
22.08.12;116,55
23.08.12;115,6
24.08.12;116,14
27.08.12;116,47
28.08.12;116,68
29.08.12;116,67
30.08.12;116,52
31.08.12;117,01
04.09.12;117,58
05.09.12;117,33
06.09.12;118,6
07.09.12;118,8
10.09.12;117,62
11.09.12;118,29
12.09.12;118,94
13.09.12;121,04
14.09.12;121,45
17.09.12;121,15
18.09.12;119,72
19.09.12;119,27
20.09.12;117,73
21.09.12;117,79
24.09.12;117,66
25.09.12;115,81
26.09.12;115,73
27.09.12;116,44
28.09.12;116,19
01.10.12;115,44
02.10.12;116,24
03.10.12;116,82
04.10.12;116,42
05.10.12;116,97
08.10.12;116,63
09.10.12;115,99
10.10.12;116,44
11.10.12;116,27
12.10.12;115,96
15.10.12;117,46
16.10.12;117,89
17.10.12;117,68
18.10.12;119,2
19.10.12;118,03
22.10.12;117,64
23.10.12;116,41
24.10.12;116,31
25.10.12;115,83
26.10.12;115,25
31.10.12;116,36
01.11.12;116,42
02.11.12;117,12
05.11.12;116,3
06.11.12;116,96
07.11.12;116,95
08.11.12;115,45
09.11.12;115,26
12.11.12;115,15
13.11.12;115,11
14.11.12;113,03
15.11.12;112,28
16.11.12;113,21
19.11.12;114,53
20.11.12;115,02
21.11.12;114,82
23.11.12;115,92
26.11.12;115,91
27.11.12;115,2
28.11.12;115,08
29.11.12;115,69
30.11.12;116,06
03.12.12;116,24
04.12.12;116,3
05.12.12;115,83
06.12.12;117,16
07.12.12;117,74
10.12.12;117,68
11.12.12;118
12.12.12;118,1
13.12.12;116,99
14.12.12;117,09
17.12.12;118,1
18.12.12;119,36
19.12.12;118,82
20.12.12;120,61
21.12.12;120,02
24.12.12;120,38
26.12.12;119,54
27.12.12;119,97
28.12.12;118,91
31.12.12;120,48
02.01.13;122,19
03.01.13;121,82
04.01.13;122,47
07.01.13;122,69
08.01.13;122,56
09.01.13;123
10.01.13;123,43
11.01.13;123,38
14.01.13;123,49
15.01.13;124,12
16.01.13;123,68
17.01.13;124,04
18.01.13;124,58
22.01.13;125,16
23.01.13;125,37
24.01.13;125,92
25.01.13;126,54
28.01.13;126,29
29.01.13;126,66
30.01.13;125,17
31.01.13;124,28
01.02.13;124,98
04.02.13;124,77
05.02.13;124,77
06.02.13;124,87
07.02.13;124,65
08.02.13;126,08
11.02.13;126,26
12.02.13;126,89
13.02.13;126,53
14.02.13;126
15.02.13;126,36
19.02.13;127,07
20.02.13;126
21.02.13;124,99
22.02.13;126,42
25.02.13;123,93
26.02.13;124,93
27.02.13;126,1
28.02.13;125,88
01.03.13;126,49
04.03.13;127,56
05.03.13;128,41
06.03.13;127,7
07.03.13;126,9
08.03.13;126,93
11.03.13;127,45
12.03.13;126,86
13.03.13;126,89
14.03.13;127,65
15.03.13;127,38
18.03.13;126,58
19.03.13;125,85
20.03.13;126,76
21.03.13;126,3
22.03.13;127,12
25.03.13;127,04
26.03.13;127,98
27.03.13;128,25
28.03.13;128,92
01.04.13;129,27
02.04.13;130,02
03.04.13;129,46
04.04.13;131,53
05.04.13;131,79
08.04.13;133,44
09.04.13;133,49
10.04.13;134,43
11.04.13;135,4
12.04.13;135,57
15.04.13;132,77
16.04.13;134,97
17.04.13;133,42
18.04.13;133,2
19.04.13;135,3
22.04.13;135,09
23.04.13;136,02
24.04.13;136,44
25.04.13;136,31
26.04.13;135,59
29.04.13;136,44
30.04.13;137,57
01.05.13;136,88
02.05.13;137,51
03.05.13;137,78
06.05.13;138,25
07.05.13;138,86
08.05.13;138,86
09.05.13;138,03
10.05.13;138,48
13.05.13;138,82
14.05.13;139,73
15.05.13;141,18
16.05.13;140,19
17.05.13;141,35
20.05.13;141,42
21.05.13;142,42
22.05.13;139,11
23.05.13;136,79
24.05.13;136,48
28.05.13;135,38
29.05.13;132,48
30.05.13;131,03
31.05.13;129,31
03.06.13;130,22
04.06.13;128,56
05.06.13;126,96
06.06.13;129,35
07.06.13;129,71
10.06.13;128,13
11.06.13;126,25
12.06.13;124,43
13.06.13;128,01
14.06.13;128,23
17.06.13;128,86
18.06.13;128,97
19.06.13;124,65
20.06.13;119,44
21.06.13;121,64
24.06.13;121,01
25.06.13;123,35
26.06.13;124,97
27.06.13;127,1
28.06.13;126,25
01.07.13;125,39
02.07.13;127,4
03.07.13;126,11
05.07.13;125,91
08.07.13;126,11
09.07.13;127,9
10.07.13;128,11
11.07.13;131,37
12.07.13;130,84
15.07.13;130,83
16.07.13;130,65
17.07.13;131,03
18.07.13;132,17
19.07.13;132,03
22.07.13;132,27
23.07.13;132,1
24.07.13;129,66
25.07.13;129,61
26.07.13;129,78
29.07.13;128,71
30.07.13;128,38
31.07.13;126,48
01.08.13;126,06
02.08.13;125,57
05.08.13;125,4
06.08.13;124,96
07.08.13;124,29
08.08.13;124,19
09.08.13;125,31
12.08.13;124,33
13.08.13;122,66
14.08.13;122,45
15.08.13;120,18
16.08.13;117,53
19.08.13;116,34
20.08.13;118,81
21.08.13;118,72
22.08.13;119,29
23.08.13;120,65
26.08.13;120,24
27.08.13;119,72
28.08.13;119,36
29.08.13;119,47
30.08.13;118,98
03.09.13;118,22
04.09.13;118,94
05.09.13;117,86
06.09.13;120,3
09.09.13;123,03
10.09.13;122,96
11.09.13;123,7
12.09.13;122,71
13.09.13;122,88
16.09.13;124,54
17.09.13;124,28
18.09.13;128,46
19.09.13;128,18
20.09.13;125,72
23.09.13;124,74
24.09.13;123,76
25.09.13;124,24
26.09.13;125,13
27.09.13;124,53
30.09.13;123,13
01.10.13;124,65
02.10.13;124,94
03.10.13;122,68
04.10.13;122,37
07.10.13;122,75
08.10.13;121,38
09.10.13;121,48
10.10.13;124,63
11.10.13;125,86
14.10.13;125,81
15.10.13;125,22
16.10.13;128,08
17.10.13;129,9
18.10.13;129,41
21.10.13;128,86
22.10.13;130,41
23.10.13;129,9
24.10.13;130,1
25.10.13;131,6
28.10.13;130,35
29.10.13;129,32
30.10.13;128,34
31.10.13;127,51
01.11.13;128,44
04.11.13;128,73
05.11.13;126,63
06.11.13;126,84
07.11.13;125,32
08.11.13;124,1
11.11.13;124,01
12.11.13;123,11
13.11.13;123,95
14.11.13;125,02
15.11.13;125,51
18.11.13;124,62
19.11.13;123,78
20.11.13;122,52
21.11.13;123,18
22.11.13;122,69
25.11.13;122,04
26.11.13;121,9
27.11.13;123,33
29.11.13;121,84
02.12.13;121,39
03.12.13;121,12
04.12.13;121,84
05.12.13;122,16
06.12.13;123,44
09.12.13;124,23
10.12.13;124,15
11.12.13;121,49
12.12.13;120,68
13.12.13;121,24
16.12.13;121,58
17.12.13;121,8
18.12.13;124,21
19.12.13;122,9
20.12.13;123,55
23.12.13;123,62
24.12.13;123,82
26.12.13;123,99
27.12.13;123,93
30.12.13;124,32
31.12.13;123,78
02.01.14;123,38
03.01.14;124,07
06.01.14;124,62
07.01.14;125,07
08.01.14;124,97
09.01.14;125,16
10.01.14;126,69
13.01.14;125,7
14.01.14;126,56
15.01.14;127,19
16.01.14;127,48
17.01.14;126,87
21.01.14;127,69
22.01.14;127,87
23.01.14;126,93
24.01.14;124,75
27.01.14;124,28
28.01.14;125,55
29.01.14;124,8
30.01.14;126,74
31.01.14;127,16
03.02.14;125,08
04.02.14;126,41
05.02.14;126,28
06.02.14;127,42
07.02.14;128,5
10.02.14;129,75
11.02.14;130,37
12.02.14;130,3
13.02.14;130,94
14.02.14;131,48
18.02.14;131,94
19.02.14;131,91
20.02.14;131,8
21.02.14;131,54
24.02.14;131,86
25.02.14;131,46
26.02.14;131,93
27.02.14;131,75
28.02.14;132,53
03.03.14;132,37
04.03.14;134,13
05.03.14;133,76
06.03.14;133,42
07.03.14;132,22
10.03.14;131,61
11.03.14;132,38
12.03.14;132,47
13.03.14;131,84
14.03.14;131,94
17.03.14;132,32
18.03.14;132,93
19.03.14;130,49
20.03.14;131,05
21.03.14;131,83
24.03.14;131,06
25.03.14;132,06
26.03.14;130,58
27.03.14;131,41
28.03.14;132,62
31.03.14;133,24
01.04.14;133,98
02.04.14;134,01
03.04.14;133,88
04.04.14;134,3
07.04.14;134,68
08.04.14;135,43
09.04.14;135,23
10.04.14;133,9
11.04.14;132,98
14.04.14;133,97
15.04.14;135,31
16.04.14;136,3
17.04.14;135,88
21.04.14;136,47
22.04.14;136,7
23.04.14;136,38
24.04.14;136,74
25.04.14;136,29
28.04.14;137,37
29.04.14;137,5
30.04.14;138,02
01.05.14;139,27
02.05.14;139,16
05.05.14;140,19
06.05.14;139,56
07.05.14;141,31
08.05.14;141,52
09.05.14;141,47
12.05.14;141,72
13.05.14;140,91
14.05.14;141,33
15.05.14;141,21
16.05.14;142,26
19.05.14;141,55
20.05.14;141,09
21.05.14;140,69
22.05.14;140,36
23.05.14;141,41
27.05.14;142,32
28.05.14;141,55
29.05.14;141,86
30.05.14;142,76
02.06.14;142,63
03.06.14;142,21
04.06.14;142,5
05.06.14;144,75
06.06.14;144,26
09.06.14;142,55
10.06.14;141,59
11.06.14;141,18
12.06.14;140,57
13.06.14;140,93
16.06.14;140,23
17.06.14;140,44
18.06.14;141,29
19.06.14;142,27
20.06.14;142,74
23.06.14;142,57
24.06.14;142,81
25.06.14;142,71
26.06.14;142,48
27.06.14;143,32
30.06.14;143,22
01.07.14;143,47
02.07.14;143,31
03.07.14;142,93
07.07.14;143,35
08.07.14;143,56
09.07.14;143,91
10.07.14;144,37
11.07.14;144,43
14.07.14;145,11
15.07.14;145,18
16.07.14;145,83
17.07.14;144,88
18.07.14;146,37
21.07.14;145,79
22.07.14;146,57
23.07.14;146,66
24.07.14;146,59
25.07.14;145,48
28.07.14;146,7
29.07.14;145,78
30.07.14;146,11
31.07.14;143,86
01.08.14;143,6
04.08.14;144,43
05.08.14;142,92
06.08.14;143,29
07.08.14;143,55
08.08.14;144,61
11.08.14;145,34
12.08.14;144,96
13.08.14;146,76
14.08.14;146,91
15.08.14;146,9
18.08.14;148,38
19.08.14;148,7
20.08.14;149,19
21.08.14;149,31
22.08.14;148,23
25.08.14;148,13
26.08.14;148,11
27.08.14;148,46
28.08.14;148,32
29.08.14;148,98
02.09.14;148,94
03.09.14;149,17
04.09.14;148,91
05.09.14;150,53
08.09.14;150,23
09.09.14;149,35
10.09.14;147,16
11.09.14;147,29
12.09.14;143
15.09.14;142,64
16.09.14;143,85
17.09.14;143,9
18.09.14;142,98
19.09.14;143,06
22.09.14;142,02
23.09.14;141,32
24.09.14;141,15
25.09.14;140,35
26.09.14;141,89
29.09.14;141,91
30.09.14;141,53
01.10.14;141,5
02.10.14;141,53
03.10.14;142,55
06.10.14;142,7
07.10.14;141,54
08.10.14;144,42
09.10.14;144,24
10.10.14;144,47
13.10.14;143,96
14.10.14;146,31
15.10.14;145,11
16.10.14;145,25
17.10.14;146,34
20.10.14;148,26
21.10.14;149,93
22.10.14;149,56
23.10.14;150,68
24.10.14;150,8
27.10.14;151,58
28.10.14;151,99
29.10.14;151,34
30.10.14;152,85
31.10.14;154,12
03.11.14;155,51
04.11.14;155,62
05.11.14;155,49
06.11.14;154,72
07.11.14;154,61
10.11.14;155,71
11.11.14;155,2
12.11.14;154,53
13.11.14;155,39
14.11.14;154,33
17.11.14;155,03
18.11.14;155,95
19.11.14;155,12
20.11.14;155,52
21.11.14;156,89
24.11.14;157,26
25.11.14;157,8
26.11.14;158,95
28.11.14;159,56
01.12.14;159,44
02.12.14;159,75
03.12.14;159,41
04.12.14;159,59
05.12.14;158,51
08.12.14;159,67
09.12.14;160,25
10.12.14;160,09
11.12.14;160,05
12.12.14;158,61
15.12.14;157,32
16.12.14;156,35
17.12.14;159,53
18.12.14;161,22
19.12.14;161,48
22.12.14;164,02
23.12.14;163,62
24.12.14;162,77
26.12.14;163,23
29.12.14;163,89
30.12.14;163,51
31.12.14;160,99
02.01.15;163,22
05.01.15;163,52
06.01.15;165,26
07.01.15;167,77
08.01.15;168,64
09.01.15;168,88
12.01.15;169,73
13.01.15;169,22
14.01.15;170,19
15.01.15;170,6
16.01.15;171,85
20.01.15;170,76
21.01.15;170,22
22.01.15;173,72
23.01.15;173,71
26.01.15;175,05
27.01.15;174,74
28.01.15;173,31
29.01.15;173,47
30.01.15;170,3
02.02.15;170,49
03.02.15;171,82
04.02.15;171,08
05.02.15;173,22
06.02.15;168,55
09.02.15;167,89
10.02.15;168,68
11.02.15;168,2
12.02.15;169,81
13.02.15;168,69
17.02.15;168,3
18.02.15;169,71
19.02.15;166,05
20.02.15;167,73
23.02.15;168,89
24.02.15;165,31
25.02.15;165,77
26.02.15;164,39
27.02.15;165,6
02.03.15;166,35
03.03.15;165,77
04.03.15;164,3
05.03.15;165,15
06.03.15;160,18
09.03.15;161,38
10.03.15;160,6
11.03.15;160,52
12.03.15;163,31
13.03.15;162,7
16.03.15;164,8
17.03.15;164,13
18.03.15;167,62
19.03.15;167,26
20.03.15;171,09
23.03.15;171
24.03.15;169,88
25.03.15;166,81
26.03.15;166
27.03.15;166,56
30.03.15;168,46
31.03.15;166,72
01.04.15;166,76
02.04.15;167,95
06.04.15;169,81
07.04.15;167,35
08.04.15;167,53
09.04.15;164,65
10.04.15;164,3
13.04.15;163,85
14.04.15;164,49
15.04.15;163,81
16.04.15;164,66
17.04.15;163,77
20.04.15;164,04
21.04.15;163,9
22.04.15;164,26
23.04.15;164,56
24.04.15;164,68
27.04.15;164,52
28.04.15;164,45
29.04.15;160,97
30.04.15;158,88
01.05.15;160,04
04.05.15;160,19
05.05.15;156,75
06.05.15;156,39
07.05.15;158,76
08.05.15;161,34
11.05.15;158,99
12.05.15;159,21
13.05.15;157,94
14.05.15;160,84
15.05.15;162,22
18.05.15;161,57
19.05.15;161,42
20.05.15;160,9
21.05.15;159,97
22.05.15;160,07
26.05.15;159,11
27.05.15;160,51
28.05.15;160,06
29.05.15;158,34
01.06.15;160,13
02.06.15;158,86
03.06.15;156,59
04.06.15;156,72
05.06.15;154,71
08.06.15;154,32
09.06.15;153,27
10.06.15;154,47
11.06.15;155,48
12.06.15;155,13
15.06.15;154,39
16.06.15;155,8
17.06.15;157,02
18.06.15;159,16
19.06.15;157,46
22.06.15;156,13
23.06.15;155,17
24.06.15;154,28
25.06.15;152,9
26.06.15;153,89
29.06.15;151,28
30.06.15;151,71
01.07.15;153,89
02.07.15;154,4
06.07.15;154,8
07.07.15;157,26
08.07.15;156,31
09.07.15;155,94
10.07.15;156,99
13.07.15;157,24
14.07.15;157,56
15.07.15;157,83
16.07.15;159,16
17.07.15;158,26
20.07.15;158,77
21.07.15;158,16
22.07.15;158,67
23.07.15;157,93
24.07.15;158,49
27.07.15;158,99
28.07.15;159,5
29.07.15;159,93
30.07.15;159
31.07.15;159,95
03.08.15;160,77
04.08.15;160,11
05.08.15;159,75
06.08.15;160,34
07.08.15;161,19
10.08.15;160,99
11.08.15;162,11
12.08.15;162,67
13.08.15;163
14.08.15;163,96
17.08.15;165,09
18.08.15;165,24
19.08.15;164,28
20.08.15;162,87
21.08.15;159,76
24.08.15;152,12
25.08.15;147,89
26.08.15;152,14
27.08.15;155,39
28.08.15;155,01
31.08.15;151,75
01.09.15;148,64
02.09.15;150,42
03.09.15;150,8
04.09.15;147,68
08.09.15;150,1
09.09.15;148,09
10.09.15;148,38
11.09.15;150,76
14.09.15;150,54
15.09.15;151,96
16.09.15;153,98
17.09.15;155,47
18.09.15;155,01
21.09.15;156,3
22.09.15;154,29
23.09.15;154,89
24.09.15;153,31
25.09.15;154,5
28.09.15;151,69
29.09.15;153,59
30.09.15;155,15
01.10.15;156,02
02.10.15;157,31
05.10.15;160,27
06.10.15;159,65
07.10.15;161,07
08.10.15;162,44
09.10.15;162,06
12.10.15;162,97
13.10.15;161,8
14.10.15;160,64
15.10.15;162,92
16.10.15;164,53
19.10.15;166,73
20.10.15;166,54
21.10.15;166,3
22.10.15;168,7
23.10.15;166,73
26.10.15;167,03
27.10.15;166,95
28.10.15;167,32
29.10.15;167,39
30.10.15;166,15
02.11.15;170,06
03.11.15;168,31
04.11.15;167,33
05.11.15;167,4
06.11.15;162,15
09.11.15;160,13
10.11.15;161,43
11.11.15;161,82
12.11.15;160,88
13.11.15;158,87
16.11.15;160,94
17.11.15;161,17
18.11.15;163,27
19.11.15;163,8
20.11.15;165,67
23.11.15;165,75
24.11.15;164,64
25.11.15;165,26
27.11.15;166,49
30.11.15;165,12
01.12.15;167,7
02.12.15;164,26
03.12.15;161,92
04.12.15;165,24
07.12.15;165,11
08.12.15;164,95
09.12.15;163,68
10.12.15;162,32
11.12.15;161,92
14.12.15;162,9
15.12.15;164,64
16.12.15;167,93
17.12.15;166,82
18.12.15;164,35
21.12.15;165,37
22.12.15;166,15
23.12.15;168,31
24.12.15;168,23
28.12.15;169,03
29.12.15;170,86
30.12.15;169,99
31.12.15;168,61
04.01.16;166,55
05.01.16;169,93
06.01.16;168,79
07.01.16;165,36
08.01.16;163,06
11.01.16;163,89
12.01.16;163,06
13.01.16;160,71
14.01.16;160,77
15.01.16;158,71
19.01.16;159,81
20.01.16;154,98
21.01.16;156,32
22.01.16;160,45
25.01.16;159
26.01.16;162,16
27.01.16;159,29
28.01.16;157,86
29.01.16;160,87
01.02.16;161,1
02.02.16;159,32
03.02.16;159,97
04.02.16;160,17
05.02.16;155,81
08.02.16;151,1
09.02.16;148,45
10.02.16;149,52
11.02.16;147,63
12.02.16;149,62
16.02.16;152,17
17.02.16;153,7
18.02.16;155,07
19.02.16;155,63
22.02.16;157,59
23.02.16;157,11
24.02.16;157
25.02.16;159,76
26.02.16;159,24
29.02.16;159,13
01.03.16;163,68
02.03.16;164,59
03.03.16;165,27
04.03.16;165,66
07.03.16;165,85
08.03.16;164,3
09.03.16;164,97
10.03.16;164,76
11.03.16;169,01
14.03.16;168,88
15.03.16;169,09
16.03.16;170,9
17.03.16;173,62
18.03.16;172,86
21.03.16;171,59
22.03.16;171,64
23.03.16;170,8
24.03.16;170,87
28.03.16;172,33
29.03.16;175,58
30.03.16;175,15
31.03.16;176,07
01.04.16;176,46
04.04.16;176,46
05.04.16;175,25
06.04.16;175,94
07.04.16;174,83
08.04.16;175,97
11.04.16;175,24
12.04.16;176,44
13.04.16;175,79
14.04.16;174,61
15.04.16;175,74
18.04.16;176,75
19.04.16;176,67
20.04.16;174,02
21.04.16;170,94
22.04.16;173,07
25.04.16;174,11
26.04.16;174,61
27.04.16;174,06
28.04.16;173,42
29.04.16;172,2
02.05.16;174,71
03.05.16;174,52
04.05.16;176,89
05.05.16;177,46
06.05.16;178,99
09.05.16;180,38
10.05.16;180,91
11.05.16;176,79
12.05.16;178
13.05.16;176,01
16.05.16;177,59
17.05.16;174,68
18.05.16;172,33
19.05.16;170,65
20.05.16;171,82
23.05.16;172,03
24.05.16;173,86
25.05.16;174,18
26.05.16;174,27
27.05.16;175,04
31.05.16;174,94
01.06.16;174,69
02.06.16;175,51
03.06.16;175,94
06.06.16;175,02
07.06.16;176,01
08.06.16;176,64
09.06.16;176,92
10.06.16;176,21
13.06.16;176,3
14.06.16;175,54
15.06.16;177,2
16.06.16;178,36
17.06.16;177,88
20.06.16;178,14
21.06.16;179,26
22.06.16;179,07
23.06.16;180,41
24.06.16;177,58
27.06.16;177,87
28.06.16;181,75
29.06.16;184,43
30.06.16;186,1
01.07.16;186,02
05.07.16;187,78
06.07.16;186,83
07.07.16;185
08.07.16;188,14
11.07.16;189,09
12.07.16;189,53
13.07.16;190,29
14.07.16;189,11
15.07.16;188,94
18.07.16;189,06
19.07.16;189,92
20.07.16;189,77
21.07.16;190
22.07.16;191,6
25.07.16;191,19
26.07.16;190,59
27.07.16;188,77
28.07.16;189,82
29.07.16;191,52
01.08.16;192,5
02.08.16;189,52
03.08.16;188,32
04.08.16;187,87
05.08.16;188,05
08.08.16;188,08
09.08.16;188,96
10.08.16;188,84
11.08.16;186,95
12.08.16;187,47
15.08.16;187,35
16.08.16;185,16
17.08.16;185,84
18.08.16;185,46
19.08.16;183,91
22.08.16;184,78
23.08.16;184,84
24.08.16;184,18
25.08.16;184,95
26.08.16;183,07
29.08.16;184,96
30.08.16;184,6
31.08.16;184,68
01.09.16;184,54
02.09.16;185,8
06.09.16;187,57
07.09.16;188,29
08.09.16;186,03
09.09.16;178,7
12.09.16;181,05
13.09.16;176,54
14.09.16;177,14
15.09.16;178,02
16.09.16;177,68
19.09.16;179,41
20.09.16;179,11
21.09.16;181,28
22.09.16;184,79
23.09.16;185,32
26.09.16;185,61
27.09.16;184,22
28.09.16;185,46
29.09.16;183,16
30.09.16;182,2
03.10.16;178,93
04.10.16;176,09
05.10.16;172,69
06.10.16;173,07
07.10.16;172,69
10.10.16;173,55
11.10.16;172,08
12.10.16;174,37
13.10.16;175,28
14.10.16;174,79
17.10.16;175
18.10.16;175,96
19.10.16;176,55
20.10.16;175,94
21.10.16;175,73
24.10.16;176,21
25.10.16;175,77
26.10.16;173,61
27.10.16;169,35
28.10.16;169,85
31.10.16;172,2
01.11.16;168,71
02.11.16;166,26
03.11.16;165,4
04.11.16;166,76
07.11.16;169,68
08.11.16;170,75
09.11.16;166,85
10.11.16;164,31
11.11.16;164,54
14.11.16;167,87
15.11.16;166,78
16.11.16;166,61
17.11.16;164,98
18.11.16;165,29
21.11.16;165
22.11.16;167,79
23.11.16;166,61
25.11.16;167,34
28.11.16;167,85
29.11.16;169
30.11.16;166,91
01.12.16;164,31
02.12.16;166,2
05.12.16;167,46
06.12.16;167,99
07.12.16;171,71
08.12.16;172,5
09.12.16;172,36
12.12.16;174,08
13.12.16;174,59
14.12.16;171,35
15.12.16;170,23
16.12.16;172,36
19.12.16;174,03
20.12.16;174,16
21.12.16;171,86
22.12.16;171,7
23.12.16;171,89
27.12.16;172,35
28.12.16;171,03
29.12.16;172,65
30.12.16;174,18
03.01.17;174,86
04.01.17;177,04
05.01.17;177,95
06.01.17;177,94
09.01.17;176,79
10.01.17;174,51
11.01.17;173,7
12.01.17;174,39
13.01.17;173,96
17.01.17;175,42
18.01.17;175,73
19.01.17;174
20.01.17;175,18
23.01.17;176,22
24.01.17;176,21
25.01.17;175,13
26.01.17;175,1
27.01.17;173,54
30.01.17;172,71
31.01.17;174,07
01.02.17;172,08
02.02.17;174,22
03.02.17;175,31
06.02.17;174,26
07.02.17;173,9
08.02.17;175,44
09.02.17;176,06
10.02.17;177,22
13.02.17;178,13
14.02.17;177,2
15.02.17;176,7
16.02.17;177,48
17.02.17;177,98
21.02.17;180,34
22.02.17;179,79
23.02.17;180,98
24.02.17;181,84
27.02.17;182,74
28.02.17;182,21
01.03.17;181,69
02.03.17;181,2
03.03.17;180,57
06.03.17;179,83
07.03.17;179,25
08.03.17;176,58
09.03.17;174,32
10.03.17;174,05
13.03.17;174,38
14.03.17;174,12
15.03.17;177,56
16.03.17;177,04
17.03.17;177,36
20.03.17;177,59
21.03.17;177,32
22.03.17;177,64
23.03.17;178,97
24.03.17;178,7
27.03.17;177,59
28.03.17;178,43
29.03.17;179,11
30.03.17;179,46
31.03.17;180,34
03.04.17;180,57
04.04.17;180,02
05.04.17;180,31
06.04.17;181,24
07.04.17;181,55
10.04.17;182,83
11.04.17;183,68
12.04.17;183,43
13.04.17;183,02
17.04.17;185,14
18.04.17;185,64
19.04.17;185,19
20.04.17;185,16
21.04.17;184,27
24.04.17;182,59
25.04.17;183
26.04.17;181,44
27.04.17;181,61
28.04.17;180,53
01.05.17;181,66
02.05.17;181,81
03.05.17;179,55
04.05.17;179,77
05.05.17;181,21
08.05.17;180,23
09.05.17;179,49
10.05.17;180,55
11.05.17;179,62
12.05.17;178,93
15.05.17;179,72
16.05.17;178,77
17.05.17;179,88
18.05.17;180,31
19.05.17;181,34
22.05.17;181,86
23.05.17;182,02
24.05.17;183,17
25.05.17;183,84
26.05.17;182,66
30.05.17;182,08
31.05.17;181,83
01.06.17;182,52
02.06.17;184,15
05.06.17;183,52
06.06.17;182,71
07.06.17;183,65
08.06.17;182,87
09.06.17;183,67
12.06.17;184,85
13.06.17;185,28
14.06.17;185,93
15.06.17;186,85
16.06.17;186,63
19.06.17;186,88
20.06.17;186,51
21.06.17;186,09
22.06.17;186,25
23.06.17;186,98
26.06.17;187,86
27.06.17;187,14
28.06.17;187,31
29.06.17;185,38
30.06.17;185,33
03.07.17;187,1
05.07.17;184,86
06.07.17;181,4
07.07.17;182,58
10.07.17;181,01
11.07.17;180,68
12.07.17;183,06
13.07.17;183,43
14.07.17;185,37
17.07.17;185,76
18.07.17;185,55
19.07.17;186,93
20.07.17;186,32
21.07.17;186,77
24.07.17;186,48
25.07.17;186,61
26.07.17;188,13
27.07.17;187,94
28.07.17;187,77
31.07.17;187,54
01.08.17;188,28
02.08.17;187,43
03.08.17;187,02
04.08.17;187,61
07.08.17;187,59
08.08.17;186,6
09.08.17;186,85
10.08.17;185,12
11.08.17;183,98
14.08.17;187,16
15.08.17;186,71
16.08.17;187,26
17.08.17;185,9
18.08.17;184,52
21.08.17;186,54
22.08.17;186,33
23.08.17;188,25
24.08.17;187,97
25.08.17;188,74
28.08.17;187,91
29.08.17;187,77
30.08.17;188,7
31.08.17;189,68
01.09.17;189,52
05.09.17;189,4
06.09.17;189,58
07.09.17;191,09
08.09.17;191,08
11.09.17;192,58
12.09.17;190,4
13.09.17;189,62
14.09.17;190,94
15.09.17;191,56
18.09.17;190,58
19.09.17;188,61
20.09.17;188,09
21.09.17;187,7
22.09.17;186,21
25.09.17;186,82
26.09.17;187,03
27.09.17;185,46
28.09.17;186,87
29.09.17;187,05
02.10.17;186,29
03.10.17;186,23
04.10.17;187,78
05.10.17;188,38
06.10.17;188,02
09.10.17;188,24
10.10.17;188,65
11.10.17;189,66
12.10.17;191,04
13.10.17;191,41
16.10.17;190,57
17.10.17;190,6
18.10.17;190,27
19.10.17;190,09
20.10.17;189,88
23.10.17;189,1
24.10.17;187,92
25.10.17;187,4
26.10.17;186,36
27.10.17;186,8
30.10.17;187,89
31.10.17;188,46
01.11.17;188,35
02.11.17;190,01
03.11.17;189,89
06.11.17;192,89
07.11.17;194,67
08.11.17;196,12
09.11.17;196,15
10.11.17;196,12
13.11.17;196,72
14.11.17;196,47
15.11.17;195,03
16.11.17;195,81
17.11.17;194,71
20.11.17;194,16
21.11.17;195,25
22.11.17;194,56
24.11.17;195,28
27.11.17;194,74
28.11.17;194,2
29.11.17;193,82
30.11.17;194,05
01.12.17;194,4
04.12.17;191,9
05.12.17;191,12
06.12.17;191,41
07.12.17;192,08
08.12.17;192,56
11.12.17;192,93
12.12.17;193,85
13.12.17;193,83
14.12.17;193,95
15.12.17;194,59
18.12.17;195,23
19.12.17;191,54
20.12.17;189,47
21.12.17;188,76
22.12.17;190,16
26.12.17;191,07
27.12.17;191,92
28.12.17;193,02
29.12.17;193,07
02.01.18;191,94
03.01.18;192,14
04.01.18;188,84
05.01.18;189,35
08.01.18;190,47
09.01.18;188,32
10.01.18;185,41
11.01.18;184,2
12.01.18;182,87
16.01.18;183,74
17.01.18;185
18.01.18;183,19
19.01.18;184,4
22.01.18;186,2
23.01.18;188,95
24.01.18;188,34
25.01.18;188,01
26.01.18;188,62
29.01.18;186,41
30.01.18;185,55
31.01.18;189,43
01.02.18;185,92
02.02.18;184
05.02.18;178,98
06.02.18;178,7
07.02.18;177,89
08.02.18;172,31
09.02.18;176,44
12.02.18;176,98
13.02.18;178,12
14.02.18;177,07
15.02.18;178,71
16.02.18;179,91
20.02.18;178,1
21.02.18;174,88
22.02.18;176,88
23.02.18;179,98
26.02.18;180,77
27.02.18;176,88
28.02.18;176,71
01.03.18;175,8
02.03.18;175,18
05.03.18;177,57
06.03.18;178,26
07.03.18;179,19
08.03.18;180,34
09.03.18;181,63
12.03.18;182,51
13.03.18;183,09
14.03.18;183,49
15.03.18;183,43
16.03.18;184,39
19.03.18;182,64
20.03.18;182,53
21.03.18;180,84
22.03.18;180,15
23.03.18;177,41
26.03.18;179,82
27.03.18;180,08
28.03.18;183,47
29.03.18;183,39
02.04.18;181,1
03.04.18;181,68
04.04.18;183,89
05.04.18;184
06.04.18;182,28
09.04.18;182,16
10.04.18;180,96
11.04.18;181,32
12.04.18;179,3
13.04.18;180,23
16.04.18;180,99
17.04.18;183,4
18.04.18;183,01
19.04.18;179,95
20.04.18;178,36
23.04.18;178,65
24.04.18;178,92
25.04.18;178,31
26.04.18;180,54
27.04.18;182,93
30.04.18;182,24
01.05.18;183,49
02.05.18;182,88
03.05.18;182,72
04.05.18;184,77
07.05.18;185,12
08.05.18;183,85
09.05.18;185,19
10.05.18;186,98
11.05.18;186,07
14.05.18;184,72
15.05.18;181,7
16.05.18;181,08
17.05.18;180,17
18.05.18;180,35
21.05.18;182,18
22.05.18;182,43
23.05.18;183,91
24.05.18;183,19
25.05.18;184,02
29.05.18;184,48
30.05.18;187
31.05.18;186,36
01.06.18;187,11
04.06.18;188,93
05.06.18;188,03
06.06.18;188,62
07.06.18;188,45
08.06.18;189,31
11.06.18;189,08
12.06.18;190,26
13.06.18;185,92
14.06.18;187,75
15.06.18;187,49
18.06.18;187,29
19.06.18;187,46
20.06.18;189,51
21.06.18;190,72
22.06.18;192,28
25.06.18;191,93
26.06.18;192,9
27.06.18;192,35
28.06.18;194,23
29.06.18;194,64
02.07.18;193,71
03.07.18;194,63
05.07.18;197,27
06.07.18;198,08
09.07.18;196,3
10.07.18;197,24
11.07.18;196,6
12.07.18;197,06
13.07.18;196,52
16.07.18;195,37
17.07.18;194,13
18.07.18;193,3
19.07.18;195,26
20.07.18;193,47
23.07.18;193,01
24.07.18;192,41
25.07.18;194,26
26.07.18;194,97
27.07.18;193,16
30.07.18;193,06
31.07.18;196,74
01.08.18;198,11
02.08.18;197,06
03.08.18;199,66
06.08.18;199,29
07.08.18;198,85
08.08.18;197,79
09.08.18;198,06
10.08.18;196,07
13.08.18;196,06
14.08.18;196,79
15.08.18;198,48
16.08.18;200,11
17.08.18;202,03
20.08.18;202,15
21.08.18;200,35
22.08.18;199,06
23.08.18;198,65
24.08.18;199,91
27.08.18;199,74
28.08.18;202,12
29.08.18;201,92
30.08.18;200,78
31.08.18;201,64
04.09.18;199,82
05.09.18;200,98
06.09.18;201,66
07.09.18;199,16
10.09.18;200,24
11.09.18;200,19
12.09.18;200,44
13.09.18;201,69
14.09.18;200
17.09.18;200,99
18.09.18;199,8
19.09.18;197,98
20.09.18;199,5
21.09.18;199,3
24.09.18;195,53
25.09.18;195,33
26.09.18;193,07
27.09.18;193,67
28.09.18;196,3
01.10.18;194,67
02.10.18;194,13
03.10.18;192,22
04.10.18;191,03
05.10.18;190,99
08.10.18;193,5
09.10.18;194,26
10.10.18;191,14
11.10.18;185,59
12.10.18;185,49
15.10.18;186,44
16.10.18;190
17.10.18;189,55
18.10.18;189,56
19.10.18;191,46
22.10.18;188,74
23.10.18;190,05
24.10.18;192,2
25.10.18;194,54
26.10.18;189,5
29.10.18;192,46
30.10.18;195,68
31.10.18;193,02
01.11.18;193,9
02.11.18;192,18
05.11.18;195,44
06.11.18;196,45
07.11.18;198,7
08.11.18;199,05
09.11.18;199,31
12.11.18;199,71
13.11.18;200,07
14.11.18;200,18
15.11.18;198,58
16.11.18;201,27
19.11.18;202
20.11.18;199,28
21.11.18;199,02
23.11.18;198,35
26.11.18;198,75
27.11.18;199,86
28.11.18;201,61
29.11.18;201,85
30.11.18;203,88
03.12.18;204,63
04.12.18;202,04
06.12.18;207,43
07.12.18;204,44
10.12.18;203,57
11.12.18;203,88
12.12.18;200,02
13.12.18;201,48
14.12.18;201,11
17.12.18;193,72
18.12.18;195,56
19.12.18;193,77
20.12.18;191,42
21.12.18;188,39
24.12.18;181,38
26.12.18;187,4
27.12.18;187,84
28.12.18;188,44
31.12.18;188,79
02.01.19;184,48
03.01.19;185,39
04.01.19;187,3
07.01.19;188,77
08.01.19;192,13
09.01.19;191,34
10.01.19;194,31
11.01.19;194,76
14.01.19;194,21
15.01.19;196,27
16.01.19;197,35
17.01.19;198,27
18.01.19;198,89
22.01.19;198,58
23.01.19;198,76
24.01.19;199,53
25.01.19;201,91
28.01.19;203,84
29.01.19;205,46
30.01.19;207,17
31.01.19;209,15
01.02.19;207,75
04.02.19;209,11
05.02.19;210,37
06.02.19;208,76
07.02.19;210,44
08.02.19;210,64
11.02.19;211,11
12.02.19;209,63
13.02.19;211,07
14.02.19;212,01
15.02.19;213,15
19.02.19;213,38
20.02.19;211,99
21.02.19;212,4
22.02.19;213,69
25.02.19;211,96
26.02.19;211,55
27.02.19;210,74
28.02.19;211,48
01.03.19;211,21
04.03.19;212,08
05.03.19;212,62
06.03.19;212,08
07.03.19;211,91
08.03.19;212,17
11.03.19;215,43
12.03.19;216,54
13.03.19;217,63
14.03.19;218,12
15.03.19;217,3
18.03.19;216,19
19.03.19;215,56
20.03.19;216,48
21.03.19;220,34
22.03.19;219,36
25.03.19;219,49
26.03.19;220,96
27.03.19;220,19
28.03.19;222,02
29.03.19;221,89
01.04.19;221,3
02.04.19;223,2
03.04.19;222,96
04.04.19;222,32
05.04.19;224,01
08.04.19;222,91
09.04.19;222,2
10.04.19;223,95
11.04.19;223,63
12.04.19;224,86
15.04.19;223,52
16.04.19;218,19
17.04.19;216,02
18.04.19;217,65
22.04.19;215,37
23.04.19;217,77
24.04.19;219,46
25.04.19;219,07
26.04.19;220,57
29.04.19;218,23
30.04.19;220,84
01.05.19;220,94
02.05.19;221,26
03.05.19;222,82
06.05.19;221,87
07.05.19;217,95
08.05.19;218,05
09.05.19;218,76
10.05.19;221,26
13.05.19;221,37
14.05.19;222,15
15.05.19;223,6
16.05.19;224,99
17.05.19;224,61
20.05.19;220,98
21.05.19;222,89
22.05.19;223,81
23.05.19;224,95